Month,Max Temp. (degree Celcius),Min Temp. (degree Celcius),Rainfall (mm),Actual Evaporation (mm),"Relative Humidity (morning, %)","Relative Humidity (afternoon, %)",Sunshine (hour/day),Cloudy (hour/day),Solar Radiation (cal/cm^2/day),AVE_WL(m)
1,25.2,13.8,0.0,1.0,94,62.0,6.3,4.5,277.72,0.65
1,25.4,13.8,0.0,1.0,94,62.0,5.5,5.3,257.52,0.65
1,25.6,13.4,0.0,1.0,94,61.0,6.2,4.6,275.2,0.65
1,25.4,14.0,0.0,1.0,94,64.0,6.3,4.5,277.72,0.6
1,23.0,13.0,0.0,1.0,94,68.0,4.0,6.8,219.63,0.55
1,24.2,13.2,0.0,1.0,94,54.51851851851852,4.7,6.1,237.31,0.49
1,23.8,13.8,0.0,1.0,94,68.0,4.4,6.4,229.73,0.45
1,25.8,12.0,0.0,2.0,94,58.0,6.6,4.2,285.3,0.42
1,26.6,12.6,0.0,1.0,94,52.0,6.6,4.2,285.3,0.4
1,17.4,13.0,0.0,2.0,94,55.0,6.3,4.5,277.72,0.45
1,24.8,12.8,0.0,1.0,94,54.0,6.4,4.4,280.25,0.5
1,24.4,13.8,0.0,2.0,94,53.0,6.2,4.6,275.2,0.54
1,22.8,10.4,0.0,1.0,85,54.51851851851852,6.4,4.4,280.25,0.58
1,22.0,8.0,0.0,2.0,85,40.0,6.5,4.3,282.77,0.6
1,23.8,8.4,0.0,1.0,92,52.0,6.6,4.2,285.3,0.59
1,24.4,9.0,0.0,1.0,93,56.0,6.4,4.4,280.25,0.55
1,26.0,9.4,0.0,1.0,93,49.0,6.7,4.1,287.82,0.51
1,26.0,9.8,0.0,2.0,93,50.0,6.6,4.2,285.3,0.45
1,26.8,10.8,0.0,2.0,93,50.0,6.7,4.1,287.82,0.39
1,25.8,10.8,0.0,2.0,93,54.51851851851852,6.5,4.3,282.77,0.35
1,25.8,10.2,0.0,2.0,93,52.0,6.6,4.2,285.3,0.32
1,27.6,11.0,0.0,1.0,94,55.0,6.4,4.4,280.25,0.29
1,26.4,12.2,0.0,1.0,94,52.0,6.6,4.2,285.3,0.27
1,27.2,12.2,0.0,1.0,94,52.0,6.6,4.2,285.3,0.3
1,28.6,13.0,0.0,1.0,94,48.0,6.7,4.1,287.82,0.34
1,31.0,13.2,0.0,2.0,94,53.0,6.9,3.9,292.88,0.37
1,29.6,13.6,0.0,2.0,94,54.51851851851852,5.3,5.5,252.46,0.41
1,28.0,14.4,0.0,2.0,94,50.0,6.2,4.6,275.2,0.46
1,25.8,14.0,0.0,1.0,94,54.0,7.1,3.7,229.93,0.47
1,26.0,12.6,0.0,1.0,94,50.0,7.2,3.6,300.45,0.48
1,26.2,13.0,0.0,2.0,94,52.0,7.2,3.6,300.45,0.49
2,28.2,13.8,0.0,2.0,94,55.0,6.7,4.5,32.63,0.41
2,26.6,14.2,0.0,2.0,94,52.0,6.9,4.3,338.38,0.37
2,24.8,13.6,0.0,2.0,94,49.083333333333336,6.9,4.3,338.38,0.31
2,24.8,13.8,0.0,2.0,94,49.0,7.2,4.0,347.0,0.26
2,32.4,14.0,0.0,2.0,94,47.0,7.6,3.6,358.5,0.22
2,32.2,14.6,0.0,1.0,94,47.0,7.7,3.5,361.38,0.21
2,29.6,14.6,0.0,3.0,94,49.0,7.3,3.9,349.88,0.19
2,28.4,14.6,0.0,2.0,94,49.0,7.5,3.7,355.63,0.17
2,29.0,13.0,0.0,2.0,94,43.0,7.7,3.5,361.38,0.15
2,30.4,14.0,0.0,2.0,94,49.083333333333336,7.2,4.0,347.0,0.15
2,29.8,14.4,0.0,1.0,94,54.0,6.3,4.9,321.13,0.25
2,30.0,17.6,0.0,2.0,94,51.0,7.0,4.2,341.25,0.28
2,29.0,16.0,0.0,3.0,89,47.0,6.3,4.9,321.13,0.32
2,29.8,16.2,0.0,2.0,94,52.0,6.9,4.3,338.38,0.43
2,29.8,17.0,0.0,2.0,94,42.0,7.3,3.9,349.88,0.38
2,29.6,15.4,0.0,2.0,94,42.0,7.5,3.7,355.63,0.37
2,30.0,15.0,0.0,3.0,88,49.083333333333336,8.0,3.2,370.0,0.34
2,30.8,15.0,0.0,1.0,94,52.0,7.0,4.2,341.25,0.28
2,30.4,16.0,0.0,2.0,94,54.0,5.5,5.7,298.13,0.23
2,29.6,17.8,0.0,2.0,89,56.0,4.7,6.5,275.13,0.2
2,31.0,21.4,0.0,2.0,95,52.0,7.4,3.8,352.75,0.18
2,31.6,21.8,0.0,2.0,90,54.0,6.6,4.6,329.75,0.26
2,31.2,22.0,0.0,1.0,90,54.0,5.2,6.0,289.5,0.23
2,29.8,16.6,0.0,2.0,95,49.083333333333336,8.2,3.0,375.75,0.21
2,29.6,15.4,0.0,4.0,89,47.0,8.5,2.7,384.38,0.37
2,31.6,14.6,0.0,1.0,94,44.0,8.6,2.6,387.25,0.43
2,31.8,15.4,0.0,1.0,94,44.0,7.8,3.4,364.25,0.46
2,32.2,17.0,0.0,3.0,95,42.0,8.2,3.0,375.75,0.48
3,32.0,15.8,0.0,2.0,94,41.0,8.3,3.6,428.65,0.45
3,34.0,17.0,0.0,3.0,95,45.0,7.3,4.36,396.84,0.41
3,33.6,19.0,0.0,3.0,90,52.96153846153846,7.6,4.3,406.38,0.33
3,31.8,20.8,0.0,2.0,95,59.0,6.9,5.0,384.11,0.32
3,31.8,20.4,17.0,3.0,95,59.0,5.9,6.0,352.3,0.29
3,28.6,20.8,0.0,2.0,95,59.0,4.8,7.1,317.3,0.28
3,31.0,21.0,0.0,2.0,95,59.0,5.3,6.6,333.21,0.26
3,29.0,22.0,8.6,3.6,95,16.0,0.9,11.0,193.23,0.32
3,29.4,17.8,1.0,3.0,95,66.0,6.7,5.2,377.75,0.34
3,31.8,19.0,22.0,2.0,95,52.96153846153846,6.4,5.5,368.21,0.35
3,28.8,20.8,0.0,2.4,95,78.0,3.4,8.5,272.77,0.46
3,29.0,20.0,0.0,2.0,95,79.0,4.8,7.1,317.3,0.51
3,29.0,17.6,0.0,3.0,83,43.0,8.4,3.5,431.83,0.57
3,29.8,16.2,0.0,2.0,94,44.0,8.7,3.2,441.38,0.58
3,30.6,16.0,0.0,4.0,94,42.0,8.8,3.1,444.56,0.52
3,31.0,16.0,0.0,2.0,89,42.0,8.3,3.6,428.65,0.46
3,32.4,16.8,0.0,3.0,95,52.96153846153846,7.0,4.9,387.29,0.38
3,30.4,19.4,14.0,4.0,95,47.0,3.5,8.4,275.95,0.32
3,32.4,19.0,4.4,3.4,95,47.0,8.0,3.9,419.11,0.24
3,22.6,20.0,1.2,2.2,95,80.0,0.5,11.4,180.51,0.22
3,29.8,16.2,0.0,3.0,94,47.0,8.5,3.4,435.01,0.18
3,32.0,17.0,0.0,3.0,95,55.0,8.0,3.9,419.11,0.19
3,32.8,18.0,0.0,2.0,90,47.0,8.1,3.8,422.29,0.18
3,33.6,21.0,0.0,3.0,95,52.96153846153846,7.3,4.6,396.84,0.21
3,34.4,21.6,0.0,3.0,95,49.0,7.5,4.4,403.2,0.23
3,32.6,21.4,0.0,3.0,90,45.0,7.7,4.2,409.56,0.3
3,33.4,22.6,0.0,2.0,95,49.0,7.4,4.5,400.02,0.41
3,31.4,23.6,0.0,3.0,95,57.0,6.6,5.3,374.57,0.51
3,32.4,24.0,0.0,3.0,96,63.0,6.2,5.7,361.84,0.96
3,32.2,24.8,0.0,3.0,91,59.0,8.9,3.0,447.74,1.15
3,31.119999999999997,25.8,0.0,4.0,91,52.96153846153846,8.4,3.5,431.83,1.17
4,32.8,26.0,0.0,4.0,9,61.0,8.7,3.9,458.61,1.08
4,32.0,25.8,0.0,4.0,91,70.0,8.8,3.8,461.85,0.96
4,32.0,26.0,0.0,3.0,91,70.0,5.6,7.0,358.34,0.84
4,31.0,26.0,3.8,4.0,91,76.0,4.3,8.33,316.29,0.69
4,32.6,25.8,0.0,3.8,96,67.0,6.8,5.8,397.15,0.59
4,32.0,21.8,0.0,2.0,95,72.0,4.6,8.0,325.99,0.61
4,33.6,23.0,0.0,2.0,96,69.95833333333333,8.0,4.6,435.97,0.58
4,34.8,25.0,0.0,2.0,96,74.0,5.7,6.9,361.57,0.66
4,34.6,25.6,0.0,2.0,96,70.0,6.0,6.6,371.28,0.76
4,34.8,25.8,0.0,3.0,96,65.0,6.2,6.4,377.75,0.84
4,34.0,25.8,0.0,2.0,96,67.0,7.7,4.9,426.26,0.82
4,34.6,25.2,0.0,3.0,96,65.0,8.2,4.4,442.44,0.79
4,35.2,24.2,0.0,4.0,96,62.0,9.0,3.6,468.31,0.81
4,35.4,22.8,0.0,4.0,96,69.95833333333333,8.5,4.1,452.14,0.95
4,34.4,23.4,0.0,3.0,96,62.0,8.9,3.7,465.05,0.96
4,32.4,24.0,0.0,2.0,96,67.0,6.0,6.6,371.28,1.08
4,34.0,22.0,0.0,3.0,96,54.0,8.8,3.8,461.85,0.77
4,34.6,22.0,0.0,4.0,96,62.0,8.9,3.7,465.08,0.78
4,32.0,25.4,66.4,3.4,96,69.0,3.7,8.9,296.88,0.75
4,32.4,21.4,7.2,4.2,91,70.0,6.0,6.6,371.28,0.81
4,30.8,22.8,56.4,3.4,100,69.95833333333333,2.5,10.1,258.07,0.85
4,26.6,21.0,104.4,3.4,96,86.0,0.4,12.2,190.14,1.06
4,29.2,20.0,41.4,3.4,96,92.0,1.8,10.8,235.42,1.0
4,26.2,20.4,34.2,2.2,100,90.0,1.0,11.6,209.55,1.25
4,32.0,20.4,0.0,4.0,95,63.0,8.4,4.2,448.91,1.32
4,33.0,26.4,0.0,3.0,96,74.0,7.4,5.2,416.56,1.43
4,34.4,26.6,2.4,4.4,96,71.0,8.0,4.6,435.97,1.38
4,35.0,26.6,0.0,3.0,96,69.95833333333333,7.7,4.9,426.26,1.32
4,34.8,26.8,0.0,5.0,0,69.95833333333333,9.3,3.3,478.08,1.25
4,34.4,25.8,5.2,5.2,80,69.95833333333333,9.0,3.6,468.31,1.14
5,34.4,2.6,5.0,5.0,95,62.0,9.2,4.0,486.25,0.91
5,33.6,20.8,0.0,3.0,95,59.0,9.3,3.9,489.5,0.73
5,35.0,23.0,0.0,3.0,96,59.0,8.8,4.4,473.23,0.7
5,35.2,26.0,0.0,2.0,96,62.0,9.3,3.9,489.5,0.74
5,34.4,26.2,0.0,4.0,96,65.74074074074075,6.9,6.3,411.38,0.76
5,33.6,26.6,0.0,5.0,92,62.0,9.9,3.3,509.03,0.88
5,34.6,26.6,0.0,5.0,92,62.0,9.8,3.4,505.78,0.99
5,35.0,26.6,0.0,3.0,96,62.0,9.8,3.4,505.78,1.02
5,35.0,26.4,28.2,4.0,96,71.0,6.2,7.0,388.6,1.05
5,34.2,23.0,0.0,3.0,96,74.0,8.5,4.7,463.46,1.07
5,35.4,23.8,1.2,3.2,96,65.0,9.2,4.0,486.25,1.07
5,31.0,25.0,0.0,3.0,96,65.74074074074075,9.3,3.9,489.5,1.0
5,36.4,26.0,0.0,4.0,96,59.0,8.9,4.3,476.48,0.99
5,35.8,26.2,0.0,3.0,92,57.0,8.9,4.3,476.48,1.09
5,34.2,27.0,32.0,5.0,92,59.0,6.0,7.2,382.09,1.11
5,32.4,21.2,0.0,4.0,100,77.0,7.0,6.2,414.64,1.05
5,33.8,22.8,16.8,4.8,96,71.0,6.1,9.1,320.25,0.92
5,32.2,22.8,0.0,4.0,95,65.0,6.8,6.4,408.13,0.85
5,36.8,23.8,0.0,4.0,96,65.74074074074075,7.2,6.0,421.15,0.9
5,36.2,28.4,0.0,4.0,96,65.0,9.3,3.9,489.5,0.82
5,36.8,28.4,0.0,4.0,92,65.0,8.5,4.7,46.346,0.92
5,36.4,28.4,0.0,4.0,92,68.0,9.2,4.0,486.25,0.98
5,36.0,28.2,0.0,3.0,92,65.0,8.4,4.8,460.21,1.01
5,36.0,28.0,0.0,4.0,92,65.0,8.8,4.4,473.23,1.12
5,36.6,28.8,0.0,3.0,92,62.0,8.9,4.3,476.48,1.25
5,36.4,26.4,0.0,5.0,92,65.74074074074075,8.5,4.7,463.46,1.27
5,37.2,27.0,0.0,5.0,92,62.0,8.8,4.4,473.23,1.19
5,37.6,27.6,0.0,5.0,87,49.0,8.1,5.1,450.44,1.27
5,33.8,26.0,5.8,3.8,87,68.0,0.0,13.2,186.8,1.31
5,29.0,26.8,9.4,2.4,91,96.0,0.0,13.2,186.8,1.16
5,33.0,25.013333333333332,0.0,3.0,92,84.0,4.6,8.6,336.52,1.27
6,33.4,27.2,104.4,3.4,92,62.0,2.9,10.6,282.68,1.4
6,30.0,24.4,22.4,5.0,96,80.8,3.9,9.6,314.91,1.28
6,33.6,22.6,0.0,4.0,92,75.0,9.0,4.5,479.31,1.28
6,34.4,28.0,0.0,4.2,96,71.0,5.4,8.1,363.26,1.27
6,33.0,27.0,39.2,4.0,92,74.0,3.0,10.5,285.9,1.28
6,34.4,23.2,0.0,3.0,96,75.0,6.0,7.5,382.6,1.28
6,36.2,26.8,0.0,3.6,96,62.0,8.1,5.4,450.3,1.27
6,35.0,28.2,1.6,4.0,96,71.0,4.35,9.0,336.25,1.21
6,34.4,26.8,0.0,3.8,96,80.8,6.9,6.6,411.62,1.45
6,34.4,26.8,1.8,2.0,96,64.0,7.8,5.7,440.63,1.52
6,34.4,26.0,54.0,2.0,96,92.0,0.0,13.5,189.2,1.64
6,27.2,25.0,20.0,2.0,100,96.0,0.0,13.5,189.2,1.86
6,32.0,25.0,0.0,2.0,96,92.0,0.0,13.5,189.2,1.65
6,31.8,25.0,0.0,3.0,96,80.0,6.7,6.8,405.17,1.58
6,30.0,27.4,26.0,3.0,96,80.0,1.2,12.3,227.88,1.5
6,28.6,25.6,0.0,3.0,96,80.8,7.2,6.3,421.29,1.46
6,33.0,26.6,8.0,3.0,96,96.0,3.9,9.6,314.91,1.36
6,34.0,27.2,3.6,3.6,96,81.0,5.0,8.5,350.37,1.3
6,32.4,27.6,68.2,0.0,96,92.0,1.1,12.4,224.66,1.4
6,29.8,23.0,70.0,3.0,96,80.0,2.7,10.8,276.23,1.55
6,30.4,24.0,0.0,4.0,96,92.0,0.9,12.6,218.21,1.51
6,31.6,25.8,0.0,5.0,96,80.0,6.1,7.4,385.83,1.45
6,32.4,26.6,1.8,3.8,96,80.8,7.4,6.1,427.73,1.57
6,31.8,26.2,1.6,3.6,96,92.0,6.3,9.051724137931034,392.27,1.61
6,31.2,26.2,0.8,3.8,96,84.0,5.6,7.9,369.71,1.67
6,31.4,27.2,4.6,3.6,96,80.0,5.3,8.2,360.04,1.68
6,33.0,27.0,5.4,4.4,96,84.0,6.1,7.4,385.83,1.75
6,31.6,27.0,1.2,4.2,96,88.0,5.0,8.5,350.37,1.7
6,31.6,26.8,0.0,3.0,96,77.0,6.3,7.2,392.27,1.59
6,30.8,27.0,6.6,2.6,96,80.8,1.0,12.5,221.43,1.5
7,30.6,27.2,22.4,2.4,96,92.0,2.8,10.6,277.76,1.47
7,29.4,25.8,23.2,0.0,96,92.0,0.0,13.4,187.6,1.5
7,28.2,26.0,3.0,2.0,96,96.0,0.0,13.4,187.6,1.45
7,29.0,26.2,10.0,2.0,96,96.0,0.0,13.4,187.6,1.39
7,28.0,26.2,88.4,2.4,100,100.0,0.0,13.4,187.6,1.47
7,29.8,25.6,14.0,3.0,96,96.0,4.1,9.3,319.62,1.45
7,29.6,26.2,22.0,4.0,100,92.0,2.7,10.7,274.54,1.5
7,30.4,25.8,4.4,2.4,96,96.0,1.4,12.0,232.68,1.59
7,30.4,26.2,6.4,2.4,96,84.0,2.6,10.8,271.32,1.68
7,28.4,26.0,21.0,2.0,96,96.0,0.4,13.0,200.48,1.73
7,30.0,25.6,0.6,1.6,100,96.0,0.5,12.9,203.7,1.72
7,30.6,25.6,0.0,2.0,96,96.0,1.3,12.1,229.46,1.71
7,27.0,26.2,8.4,1.4,96,96.0,0.0,13.4,187.6,1.74
7,29.0,25.2,0.0,3.0,96,77.0,8.2,5.2,451.64,1.75
7,32.8,26.0,0.0,3.0,87,74.0,8.7,4.7,467.74,1.7
7,33.8,26.8,1.6,4.6,92,67.0,8.0,5.4,445.2,1.7
7,34.6,27.0,0.0,5.0,96,67.0,8.8,4.6,470.96,1.7
7,32.8,27.6,21.2,5.2,92,71.0,7.3,6.1,422.66,1.75
7,26.8,25.8,38.0,2.0,96,96.0,0.0,13.4,187.6,1.87
7,26.0,25.0,57.0,3.0,96,96.0,0.0,13.4,187.6,1.91
7,28.8,20.4,14.2,2.2,100,92.0,0.0,13.4,187.6,1.84
7,27.2,25.2,5.0,2.0,96,96.0,0.0,13.4,187.6,1.84
7,27.8,25.8,12.8,1.8,96,96.0,1.2,12.2,226.24,1.88
7,25.6,25.0,72.0,2.0,96,96.0,0.0,13.4,187.6,1.97
7,26.4,24.0,14.0,2.0,100,96.0,0.0,13.4,187.6,1.98
7,28.0,24.2,0.0,3.0,100,92.0,0.5,12.9,203.7,1.98
7,31.0,24.8,7.6,1.6,96,84.0,4.4,9.0,329.28,1.84
7,31.2,26.0,15.12,2.2,96,88.0,2.5,10.9,268.1,1.73
7,31.6,26.2,0.0,2.0,100,84.0,1.7,11.7,242.34,1.57
7,32.0,26.6,0.0,2.0,96,84.0,3.6,9.8,303.52,1.46
7,33.2,27.0,0.0,4.0,96,78.0,9.4,4.0,490.28,1.4
8,32.4,27.4,7.2,2.2,96,78.0,6.1,6.7,384.4235938,1.35
8,33.4,27.6,0.6,3.6,96,81.0,6.3,6.5,391.0145313,1.28
8,32.6,26.8,4.6,1.6,96,81.0,3.7,9.1,305.3323438,1.34
8,32.6,26.8,0.8,2.8,96,74.0,6.3,6.5,391.0145313,1.33
8,32.6,27.0,15.6,3.6,96,77.0,6.8,6.0,407.491875,1.42
8,31.4,26.4,59.6,3.6,96,96.0,1.6,11.2,236.1275,1.51
8,28.8,24.8,8.4,3.4,96,92.0,2.0,10.8,249.309375,1.62
8,31.4,24.8,4.2,3.2,96,80.0,4.2,8.6,321.8096875,1.69
8,33.0,26.6,0.0,4.0,96,81.0,7.9,4.9,443.7420313,1.72
8,29.0,27.4,31.2,2.2,96,96.0,0.0,12.8,183.4,1.75
8,31.0,25.6,5.4,2.4,96,84.0,2.5,10.3,265.7867188,1.71
8,30.8,26.0,0.0,2.0,96,88.0,0.5,12.3,199.8773438,1.69
8,31.8,26.2,19.4,2.4,96,81.0,3.4,9.4,295.4459375,1.63
8,28.8,26.2,4.6,2.6,96,96.0,0.1,12.7,186.6954688,1.57
8,31.4,26.0,5.0,4.0,96,88.0,5.8,7.0,374.5371875,1.49
8,31.4,26.4,5.8,2.8,96,80.0,7.0,5.8,414.0828125,1.78
8,31.2,26.4,2.6,3.6,96,77.0,8.6,4.2,466.8103125,1.87
8,32.0,26.2,0.0,4.0,96,77.0,9.6,3.2,499.765,1.91
8,34.8,27.0,0.6,3.6,96,68.0,7.2,5.6,420.67375,1.92
8,35.2,27.2,3.4,2.4,96,88.0,1.3,11.5,226.2410938,1.92
8,34.2,27.0,0.0,3.0,96,74.0,8.8,4.0,473.40125,1.92
8,31.4,27.2,44.4,4.4,96,87.0,0.4,12.4,196.581875,1.85
8,30.8,25.6,9.4,3.4,96,84.0,7.2,5.6,420.67375,1.82
8,30.8,25.6,7.6,3.6,96,84.0,6.6,6.2,400.9009375,1.83
8,31.4,25.8,7.8,2.8,96,96.0,6.8,6.0,407.491875,1.73
8,32.8,25.8,4.4,3.4,96,81.0,6.0,6.8,381.128125,1.66
8,31.2,26.2,6.2,2.2,96,92.0,3.2,9.6,288.855,1.6
9,31.0,25.2,11.4,2.4,96,91.0,2.0,10.2,223.9081967,1.5
9,30.8,25.0,6.4,2.4,96,92.0,2.1,10.1,226.9736066,1.45
9,32.8,25.4,14.2,3.2,96,84.0,4.5,7.7,300.5434426,1.57
9,33.2,26.0,0.0,2.0,96,92.0,1.7,10.5,214.7119672,1.46
9,33.0,26.4,3.4,2.4,96,74.0,4.7,7.5,306.6742623,1.41
9,34.0,27.0,0.0,4.0,96,71.0,7.4,4.8,389.4403279,1.43
9,34.6,26.6,0.0,3.0,96,68.0,8.8,3.4,432.3560656,1.44
9,30.2,27.2,2.6,2.6,96,88.0,0.3,11.9,171.7962295,1.47
9,32.0,26.6,7.4,3.4,96,84.0,2.9,9.3,251.4968852,1.58
9,31.8,26.8,0.0,4.0,96,80.0,6.9,5.3,374.1132787,1.66
9,31.0,27.0,39.0,2.0,96,96.0,2.4,9.8,236.1698361,1.65
9,29.4,24.0,0.0,2.0,100,92.0,0.9,11.3,190.1886885,1.64
9,32.4,25.0,3.8,2.8,96,74.0,7.4,4.8,389.4403279,1.53
9,32.6,25.2,0.0,2.0,96,77.0,8.6,3.6,426.2252459,1.36
9,33.0,26.4,0.0,3.0,96,71.0,6.1,6.1,349.59,1.22
9,34.4,27.0,0.0,4.0,92,62.0,8.4,3.8,420.0944262,1.19
9,35.8,27.0,34.6,4.6,96,84.0,3.6,8.6,272.9547541,1.27
9,31.2,24.2,49.6,3.6,96,87.0,6.3,5.9,355.7208197,1.34
9,30.4,25.2,19.0,3.0,96,77.0,5.0,7.2,315.8704918,1.5
9,29.0,25.2,6.0,2.0,96,92.0,2.9,9.3,251.4968852,1.8
9,30.6,26.0,0.0,2.0,96,92.0,1.5,10.7,208.5811475,1.81
9,34.0,26.6,0.0,2.0,96,71.0,8.7,3.5,429.2906557,1.76
9,34.0,26.8,0.0,2.0,96,71.0,7.4,4.8,389.4403279,1.72
9,34.8,27.0,0.0,2.0,92,74.0,5.5,6.7,331.197541,1.48
9,33.0,27.0,0.0,1.0,96,78.0,0.3,11.9,171.7962295,1.46
9,31.6,26.4,0.0,1.0,96,80.0,0.3,11.9,171.7962295,1.33
9,29.6,26.6,7.4,1.4,96,84.0,1.1,11.1,196.3195082,1.31
9,31.8,25.0,34.0,2.0,96,88.0,1.3,10.9,202.4503279,1.28
9,29.4,24.6,10.0,2.0,96,92.0,1.1,11.1,196.3195082,1.27
9,29.0,25.0,5.8,1.8,96,92.0,1.4,10.8,205.5157377,1.23
10,32.0,25.0,4.6,1.6,96,84.0,5.4,5.76,303.9772414,1.32
10,34.2,24.6,1.6,2.6,96,71.0,7.6,3.56,368.0124138,1.37
10,31.8,26.0,0.0,2.0,96,77.0,5.0,6.16,292.3344828,1.44
10,35.0,26.0,0.0,2.0,96,68.0,8.3,2.86,388.3872414,1.51
10,32.0,24.0,0.0,2.0,96,92.0,1.2,9.96,181.7282759,1.54
10,34.8,26.0,0.0,1.0,96,84.0,7.2,3.96,356.3696552,1.57
10,30.8,26.0,0.0,2.0,91,80.0,1.7,9.46,196.2817241,1.65
10,26.6,25.6,79.0,3.0,96,91.0,0.0,11.16,146.8,1.71
10,28.6,24.0,14.2,2.2,95,91.0,2.0,9.16,205.0137931,1.92
10,33.2,24.0,0.0,3.0,96,74.0,8.4,2.76,391.297931,1.67
10,34.4,25.0,0.0,3.0,96,62.0,8.0,3.16,379.6551724,1.46
10,34.6,25.4,0.0,2.0,96,62.0,7.6,3.56,368.0124138,1.35
10,35.6,25.8,0.0,2.0,96,62.0,8.3,2.86,388.3872414,1.26
10,35.4,25.8,0.0,2.0,96,62.0,7.7,3.46,370.9231034,1.2
10,35.4,25.8,0.0,2.0,96,74.0,5.5,5.66,306.887931,1.2
10,34.2,25.8,0.0,2.0,96,64.0,0.0,11.16,146.8,1.28
10,34.8,25.2,0.0,2.0,96,62.0,6.4,4.76,333.0841379,1.31
10,30.4,26.0,11.2,3.2,95,69.0,2.9,8.26,231.21,1.36
10,30.4,24.0,21.4,1.4,95,87.0,1.8,9.36,199.1924138,1.61
10,25.0,24.4,181.6,0.0,100,96.0,0.0,11.16,146.8,2.08
10,25.6,23.8,29.2,3.2,100,96.0,0.0,11.16,146.8,2.33
10,28.4,21.6,0.0,3.0,95,79.0,5.8,5.36,315.62,1.85
10,32.0,22.4,0.0,3.0,95,77.0,7.6,3.56,368.0124138,1.67
10,32.4,24.0,0.0,3.0,96,74.0,6.1,5.06,324.352069,1.64
10,32.4,23.0,0.0,3.0,95,63.0,5.8,5.36,315.62,1.53
10,31.8,23.2,0.0,2.0,95,60.0,6.2,4.96,327.2627586,1.34
10,31.0,21.8,0.0,2.0,95,59.0,6.8,4.36,344.7268966,1.21
10,30.6,21.0,0.0,2.0,95,69.0,6.7,4.46,341.8162069,1.19
10,28.6,21.6,1.2,2.2,95,71.0,2.9,8.26,231.21,1.16
10,21.0,20.6,4.4,1.4,95,90.0,0.0,11.16,146.8,1.11
10,28.2,18.4,0.0,2.0,95,60.0,6.8,4.36,344.7268966,1.13
11,31.0,19.6,0.0,4.0,95,63.0,7.3,3.7,313.7743636,1.16
11,31.0,20.0,0.0,2.0,95,59.0,6.6,3.7,295.596,1.2
11,32.0,20.0,0.0,2.0,95,61.0,7.1,3.7,308.5805455,1.22
11,33.8,21.0,0.0,2.0,95,58.0,7.0,3.7,305.9836364,1.21
11,33.6,21.6,0.0,2.0,95,58.0,7.2,3.7,311.1774545,1.31
11,33.0,21.6,0.0,2.0,95,55.0,7.2,3.7,311.1774545,1.16
11,32.6,21.2,0.0,2.0,95,54.0,7.8,3.7,326.7589091,1.13
11,32.6,20.8,0.0,2.0,95,54.0,7.4,3.7,316.3712727,1.05
11,31.8,20.8,0.0,2.0,95,50.0,7.3,3.7,313.7743636,0.95
11,31.2,20.6,0.0,3.0,95,57.0,7.2,3.7,311.1774545,0.87
11,32.4,20.2,0.0,2.0,95,57.0,6.9,3.7,303.3867273,0.74
11,32.8,21.0,0.0,3.0,90,57.0,5.3,3.7,261.8361818,0.83
11,26.0,21.4,8.6,1.6,90,83.0,0.0,3.7,124.2,0.69
11,24.6,20.8,0.2,1.2,95,91.0,0.0,3.7,124.2,0.79
11,27.0,21.0,5.0,1.0,95,82.0,0.0,3.7,124.2,0.81
11,29.6,22.0,0.0,2.0,95,69.0,4.4,3.7,238.464,0.81
11,31.4,22.4,0.0,1.0,95,60.0,6.1,3.7,282.6114545,0.82
11,29.6,20.8,0.0,1.0,95,57.0,6.8,3.7,300.7898182,0.83
11,28.8,20.4,0.0,2.0,90,60.0,7.0,3.7,305.9836364,0.85
11,27.4,15.8,0.0,2.0,94,59.0,6.6,3.7,295.596,0.84
11,27.8,15.6,0.0,1.0,94,53.0,5.6,3.7,269.6269091,0.67
11,27.8,15.0,0.0,1.0,94,56.0,6.3,3.7,287.8052727,0.64
11,28.2,15.4,0.0,1.0,94,56.0,6.6,3.7,295.596,0.62
11,26.8,14.6,13.8,1.0,94,56.0,6.4,3.7,290.4021818,0.59
11,26.0,15.0,0.552,1.0,94,55.0,6.0,3.7,280.0145455,0.61
11,26.4,15.0,0.0,2.0,94,55.0,5.9,3.7,277.4176364,0.64
12,27.6,14.2,0.0,1.0,94,56.0,6.6,4.1,274.2796262,0.71
12,29.0,14.8,0.0,1.0,94,57.0,6.8,3.9,279.1547664,0.77
12,27.4,15.2,0.0,2.0,94,53.0,6.8,3.9,279.1547664,0.81
12,27.2,14.8,0.0,1.0,94,55.0,6.6,4.1,274.2796262,0.87
12,27.4,14.8,0.0,1.0,94,56.0,6.7,4.0,276.7171963,0.92
12,26.2,15.0,0.0,1.0,94,53.0,6.3,4.4,266.9669159,0.96
12,26.8,14.8,0.0,2.0,94,56.0,5.8,4.9,254.7790654,0.91
12,23.4,15.0,6.0,1.0,90,80.0,0.0,10.7,113.4,0.86
12,22.4,18.8,37.0,2.0,95,90.0,0.0,10.7,113.4,0.81
12,24.4,19.8,26.2,0.0,95,95.0,2.0,8.7,162.1514019,0.79
12,22.8,20.6,0.0,1.0,95,55.0,0.0,10.7,113.4,0.72
12,25.6,20.2,0.0,1.0,95,78.0,4.7,6.0,227.9657944,0.64
12,26.6,17.6,0.0,1.0,94,74.0,5.8,4.9,254.7790654,0.67
12,26.2,18.0,0.0,1.0,95,60.0,6.4,4.3,269.404486,0.68
12,25.8,16.0,0.0,1.0,94,57.0,6.5,4.2,271.8420561,0.69
12,25.8,13.8,0.0,1.0,94,60.0,6.3,4.4,266.9669159,0.7
12,25.0,14.2,0.0,1.0,94,62.0,6.1,4.6,262.0917757,0.72
12,24.4,15.0,0.0,1.0,94,69.0,5.0,5.7,235.2785047,0.73
12,21.0,15.2,0.0,1.0,94,76.0,1.4,9.3,147.5259813,0.75
12,23.0,14.8,0.0,1.0,94,65.0,5.0,5.7,235.2785047,0.76
12,25.8,14.4,0.0,1.0,94,58.0,6.4,4.3,269.404486,0.74
12,24.8,14.4,0.0,1.0,94,61.0,4.2,6.5,215.7779439,0.71
12,25.4,15.0,0.0,1.0,94,65.0,5.8,4.9,254.7790654,0.68
12,25.0,14.8,0.0,2.0,94,58.0,6.4,4.3,269.404486,0.66
12,25.2,14.0,0.0,2.0,94,62.0,6.3,4.4,266.9669159,0.64
12,25.0,14.4,0.0,1.0,94,66.0,5.9,4.8,257.2166355,0.62
12,25.6,12.2,0.0,1.0,94,62.0,6.5,4.2,271.8420561,0.59
12,23.4,14.4,0.0,1.0,94,78.0,3.0,7.7,186.5271028,0.57
12,23.6,15.2,0.0,1.0,94,76.0,3.5,7.2,198.7149533,0.55
12,26.6,15.0,0.0,1.0,94,65.0,5.7,5.0,252.3414953,0.55
12,27.4,14.8,0.0,1.0,94,55.0,6.7,4.0,276.7171963,0.56
1,24.0,15.6,0.0,2.0,94,61.0,2.5,8.3,181.74,0.59
1,25.6,16.0,0.0,1.0,89,62.0,4.8,6.0,239.84,0.62
1,23.8,13.6,0.0,1.0,94,53.0,6.8,4.0,290.35,0.66
1,21.2,11.8,0.0,2.0,93,53.0,6.6,4.2,285.3,0.67
1,20.6,10.8,0.0,1.0,93,53.0,4.8,6.0,239.84,0.66
1,22.6,11.8,0.0,1.0,93,56.0,6.7,4.1,287.82,0.6
1,20.6,9.4,0.0,1.0,93,44.0,6.8,4.0,290.35,0.53
1,19.4,8.4,0.0,1.0,92,51.0,6.6,4.2,285.3,0.42
1,22.0,8.0,0.0,2.0,92,54.0,6.7,4.1,287.82,0.4
1,22.2,8.4,0.0,1.0,93,46.0,6.9,3.9,292.88,0.38
1,19.8,8.6,0.0,1.0,93,47.0,4.8,6.0,239.84,0.35
1,21.2,8.4,0.0,1.0,92,47.0,4.5,6.3,232.26,0.37
1,20.8,8.6,0.0,1.0,93,60.0,4.4,6.4,229.73,0.42
1,19.0,11.6,0.0,1.0,93,74.0,0.2,10.6,123.65,0.45
1,20.0,11.2,0.0,1.0,93,66.0,3.8,7.0,214.58,0.46
1,23.0,10.8,0.0,1.0,93,56.0,6.4,4.4,280.25,0.5
1,24.0,11.2,0.0,1.0,93,52.0,6.1,4.7,272.67,0.52
1,24.8,12.0,0.0,1.0,93,60.0,5.7,5.1,262.57,0.53
1,25.2,11.8,0.0,1.0,93,57.0,6.7,4.1,287.82,0.53
1,24.0,11.0,0.0,2.0,93,52.0,6.8,4.0,290.35,0.5
1,24.0,10.8,0.0,2.0,93,49.0,6.9,3.9,292.88,0.43
1,23.0,11.0,0.0,2.0,93,56.0,6.2,4.6,275.2,0.39
1,25.8,11.2,0.0,1.0,93,58.0,6.0,4.8,270.14,0.34
1,26.4,11.6,0.0,1.0,93,45.0,6.6,4.2,285.3,0.32
1,25.8,13.8,0.0,2.0,94,58.0,4.6,6.2,234.78,0.29
1,26.0,12.8,0.0,2.0,94,59.0,6.8,4.0,290.35,0.26
1,24.0,12.4,0.0,1.0,87,55.0,5.1,5.7,247.41,0.25
1,24.6,10.8,0.0,2.0,93,49.0,7.2,3.6,300.45,0.25
1,25.4,11.0,0.0,2.0,93,45.0,7.2,3.6,300.45,0.29
1,26.0,11.2,0.0,2.0,93,47.0,7.4,3.4,305.5,0.32
1,26.0,12.0,0.0,2.0,94,45.0,7.4,3.4,305.5,0.37
3,32.26,21.4,11.0,3.0,95,84.0,7.8,4.1,412.74,0.51
3,34.0,20.8,11.0,3.0,95,54.0,7.9,4.0,415.93,0.59
3,34.4,21.2,11.0,3.0,95,58.0,7.8,4.1,412.74,0.67
3,35.8,23.0,11.0,4.0,95,56.0,7.1,4.8,390.48,0.69
3,35.0,23.2,11.0,3.0,95,55.0,7.4,4.5,400.02,0.72
3,36.6,22.2,11.0,4.0,85,38.0,8.1,3.8,422.29,0.67
3,34.0,21.0,11.0,4.0,90,39.0,8.8,3.1,444.56,0.59
3,33.4,18.0,11.0,4.0,84,31.0,9.2,2.7,457.28,0.53
3,32.4,17.6,11.0,3.0,89,49.0,8.9,3.0,447.74,0.46
3,34.6,17.8,11.0,4.0,95,42.0,9.0,2.9,450.92,0.41
3,35.2,18.0,11.0,4.0,89,44.0,9.1,2.8,454.1,0.38
3,35.4,22.2,11.0,5.0,95,42.0,8.4,3.5,431.83,0.35
3,34.0,22.6,11.0,4.0,95,63.0,6.9,5.0,384.11,0.39
3,35.6,23.0,11.0,3.0,95,55.0,8.3,3.6,428.65,0.43
3,35.6,23.6,11.0,3.0,95,53.0,8.3,3.6,428.65,0.46
3,34.4,24.6,11.0,4.0,95,56.0,9.0,2.9,450.92,0.49
3,33.0,23.4,11.0,3.0,95,53.0,8.2,3.7,425.47,0.55
3,35.0,23.0,11.0,2.0,91,56.0,8.2,3.7,425.47,0.59
3,35.0,23.0,11.0,4.0,95,44.0,9.0,2.9,450.92,0.62
3,35.6,19.0,11.0,4.0,95,44.0,8.7,3.2,441.38,0.64
3,35.2,20.6,11.0,3.0,90,50.0,7.8,4.1,412.74,0.59
3,34.8,23.0,11.0,3.0,95,50.0,6.6,5.3,374.57,0.45
3,35.0,22.8,11.0,3.0,91,49.0,7.3,4.6,396.84,0.46
3,33.8,22.8,11.0,3.0,95,44.0,6.1,5.8,358.66,0.4
3,35.6,23.8,11.0,3.0,96,47.0,7.4,4.5,400.02,0.36
3,33.6,24.8,11.0,4.0,96,56.0,6.9,5.0,384.11,0.34
3,35.0,24.6,11.0,3.0,91,50.0,8.5,3.4,435.01,0.33
3,35.4,23.8,11.0,4.0,95,53.0,7.2,4.7,393.66,0.41
3,35.0,23.6,11.0,3.0,95,58.0,8.4,3.5,431.83,0.48
3,35.0,24.0,20.0,4.0,91,63.0,8.5,3.4,435.01,0.55
3,35.0,24.0,2.0,5.0,95,48.0,6.9,5.0,384.11,0.65
4,35.0,20.0,11.1125,3.0,95,52.0,9.8,2.8,494.19,0.71
4,35.0,20.0,11.1125,3.0,85,64.0,0.3,12.3,186.9,0.75
4,35.0,20.0,11.1125,4.0,95,63.0,8.4,4.2,448.91,0.68
4,35.0,20.0,11.1125,3.0,86,58.0,7.1,5.5,406.86,0.6
4,35.0,21.0,0.2,2.2,95,57.0,9.1,3.5,471.55,0.47
4,34.0,22.0,11.1125,3.0,86,64.0,8.3,4.3,445.67,0.37
4,34.0,22.0,22.8,1.8,95,47.0,3.8,8.8,300.11,0.21
4,34.0,19.0,11.1125,3.0,95,77.0,8.3,4.3,445.67,0.03
4,34.0,21.0,11.1125,3.0,96,80.0,7.0,5.6,403.62,0.13
4,32.0,19.0,11.1125,4.0,86,72.0,5.9,6.7,368.04,0.25
4,34.0,24.0,11.1125,3.0,91,96.0,8.6,4.0,455.38,0.36
4,35.0,21.0,1.2,4.2,82,77.0,9.4,3.2,481.25,0.42
4,30.0,21.5,11.1125,4.0,90,88.0,9.4,3.2,481.25,0.48
4,36.0,26.0,11.5,3.6,96,64.0,8.7,3.9,458.61,0.53
4,34.5,22.0,11.1125,4.0,91,56.0,9.7,2.9,490.96,0.6
4,36.0,24.0,11.1125,5.0,91,54.0,8.9,3.7,465.08,0.66
4,34.0,24.0,11.1125,5.4,96,36.0,4.8,7.8,332.46,0.73
4,34.0,20.0,11.1125,4.0,95,58.0,8.5,4.1,452.14,0.77
4,33.0,20.0,11.1125,5.0,82,71.0,7.4,5.2,416.56,0.8
4,34.0,26.0,11.1125,5.0,96,62.0,8.6,4.0,455.38,0.76
4,35.0,26.0,11.1125,2.0,87,70.0,6.8,5.8,397.15,0.66
4,34.4,25.0,8.6,3.6,96,69.0,4.7,7.9,329.23,0.55
4,35.0,23.4,11.1125,4.0,96,67.0,7.9,4.7,432.73,0.46
4,35.0,27.0,11.1125,4.0,92,65.0,8.0,4.6,435.97,0.39
4,34.6,26.0,0.6,2.6,96,62.0,8.8,3.8,461.85,0.44
4,34.6,21.8,11.1125,4.0,86,53.0,9.1,3.5,471.55,0.53
4,34.0,22.8,11.1125,4.0,90,58.0,8.8,3.8,461.85,0.52
4,35.2,25.2,11.1125,5.0,92,50.0,8.3,4.3,445.67,0.69
4,34.0,25.6,12.4,2.4,70,70.0,5.4,7.2,351.87,0.82
4,31.8,22.0,31.6,2.6,96,58.0,3.8,8.8,300.11,0.91
6,33.4,25.8,71.6,0.0,96,71.0,4.5,9.0,334.25,1.16
6,32.2,23.6,7.2,3.2,96,74.0,5.2,8.3,356.82,1.13
6,33.0,26.2,1.2,4.2,96,81.0,6.1,7.4,385.83,1.13
6,32.6,27.2,6.4,3.4,92,74.0,4.4,9.1,331.03,1.08
6,32.6,25.2,0.0,3.0,96,71.0,7.8,5.7,440.63,0.94
6,34.2,25.4,0.0,3.0,96,67.0,8.8,4.7,472.86,0.97
6,35.8,27.2,0.0,2.0,92,65.0,9.1,4.4,482.53,0.91
6,35.4,28.4,1.6,4.6,96,62.0,6.9,6.6,411.62,1.05
6,34.4,25.6,34.6,3.6,96,70.0,5.8,7.7,376.16,1.08
6,27.6,25.6,35.6,3.6,96,87.0,0.0,13.5,189.2,1.08
6,30.4,25.6,61.6,0.0,96,87.0,2.7,10.8,276.23,1.19
6,29.0,26.0,0.0,2.0,96,92.0,0.2,13.3,195.65,1.42
6,30.6,25.4,0.0,2.0,96,88.0,0.1,13.4,192.42,1.55
6,34.0,26.6,0.0,2.0,96,81.0,3.3,10.2,295.57,1.6
6,34.8,29.0,0.6,2.6,96,84.0,3.2,10.3,292.35,1.61
6,32.6,26.0,9.0,2.0,96,80.0,4.2,9.3,324.58,1.59
6,32.8,24.0,0.0,2.0,96,84.0,1.8,11.7,247.22,1.63
6,35.0,28.6,0.0,4.0,96,81.0,7.8,5.7,440.63,1.3
6,32.4,29.2,45.0,3.0,96,96.0,0.8,12.7,214.99,1.32
6,33.2,23.4,0.0,3.0,96,91.0,4.9,8.6,347.15,1.31
6,32.4,26.6,3.6,2.6,96,92.0,4.7,8.8,340.7,1.24
6,32.0,27.0,28.4,4.4,96,81.0,7.6,5.9,434.18,1.24
6,27.2,26.0,21.2,2.2,100,91.0,0.0,13.5,189.2,1.31
6,28.4,25.4,33.4,2.4,96,96.0,0.0,13.5,189.2,1.36
6,27.0,25.0,2.6,2.6,96,87.0,0.0,13.5,189.2,1.3
6,30.6,25.0,12.6,3.6,96,84.0,5.2,8.3,356.82,1.33
6,29.8,25.4,19.6,2.6,96,96.0,6.2,7.3,389.05,1.48
6,30.2,24.6,0.6,3.6,96,92.0,7.3,6.2,424.51,1.58
6,31.6,25.2,0.0,3.0,96,77.0,9.2,4.3,485.75,1.49
6,31.2,25.8,5.8,2.8,96,84.0,3.6,9.9,305.24,1.44
7,32.4,26.8,6.0,2.6,96,80.0,4.6,8.8,335.72,1.42
7,30.0,26.6,10.8,2.8,96,92.0,1.5,11.9,235.9,1.41
7,28.0,26.0,40.6,1.6,96,96.0,0.0,13.4,187.6,1.34
7,27.6,25.6,3.8,1.8,100,96.0,0.0,13.4,187.6,1.28
7,29.8,25.2,36.0,3.0,96,92.0,2.0,11.4,252.0,1.25
7,30.4,25.6,0.0,3.0,96,77.0,6.0,7.4,380.8,1.19
7,32.0,25.8,0.8,3.8,96,65.0,8.8,4.6,470.96,1.23
7,31.6,26.2,3.0,2.0,96,70.0,6.2,7.2,387.24,1.43
7,31.8,26.2,9.6,3.6,96,70.0,6.0,7.4,380.8,1.52
7,29.4,26.4,7.0,2.0,96,87.0,1.0,12.4,219.8,1.55
7,32.2,26.0,4.0,4.0,96,80.0,8.0,5.4,445.2,1.55
7,31.6,26.4,6.6,3.6,96,67.0,3.7,9.7,306.74,1.7
7,31.0,27.0,2.2,3.2,92,67.0,7.8,5.6,438.76,1.78
7,32.2,26.8,3.0,4.0,96,70.0,8.4,5.0,458.08,1.81
7,29.6,26.0,12.2,2.2,96,92.0,5.3,8.1,358.26,1.88
7,29.2,25.6,14.2,3.2,100,96.0,4.4,9.0,329.28,2.07
7,27.6,25.8,15.6,1.6,100,71.0,0.0,13.4,187.6,1.97
7,32.0,26.0,0.0,2.0,100,68.0,7.6,5.8,432.32,1.82
7,35.4,26.8,10.4,4.4,100,74.0,8.9,4.5,474.18,1.67
7,32.0,26.8,17.6,4.6,100,92.0,7.2,6.2,419.44,1.62
7,29.0,26.0,11.0,2.0,96,74.0,0.5,12.9,203.7,1.76
7,32.0,26.0,15.4,4.4,96,96.0,5.1,8.3,351.82,1.84
7,29.4,25.8,1.2,2.2,96,96.0,0.0,13.4,187.6,1.73
7,30.0,26.2,10.4,1.4,96,96.0,0.5,12.9,203.7,1.58
7,27.4,26.0,38.6,1.6,100,96.0,0.0,13.4,187.6,1.55
7,26.0,24.8,10.4,1.4,96,96.0,0.0,13.4,187.6,1.62
7,28.4,25.0,24.6,2.6,100,96.0,1.7,11.7,242.34,1.63
7,27.4,25.6,9.6,1.6,100,92.0,0.0,13.4,187.6,1.69
7,28.4,25.8,7.4,2.4,96,96.0,2.0,11.4,252.0,1.71
7,29.6,26.0,1.8,2.8,96,92.0,3.1,10.3,287.42,1.71
7,31.2,25.8,13.6,1.6,96,87.0,3.2,10.2,290.64,1.7
8,25.8,24.8,11.4,1.4,96,96.0,0.0,12.8,183.4,1.69
8,29.0,24.8,4.2,2.2,100,87.0,2.2,10.6,255.9,1.71
8,28.6,25.2,17.6,2.6,96,96.0,0.2,12.6,189.99,1.86
8,32.2,25.4,4.2,2.2,96,92.0,2.7,10.1,272.38,1.8
8,30.0,25.8,0.6,2.6,96,96.0,0.6,12.2,203.17,1.77
8,31.6,26.2,14.6,2.6,96,96.0,5.9,6.9,377.83,1.69
8,29.4,25.4,3.4,3.4,96,87.0,8.4,4.4,460.22,1.91
8,29.0,25.4,6.9,3.6,96,92.0,3.7,9.1,305.33,1.96
8,31.8,25.6,0.0,3.0,96,74.0,8.7,4.1,470.11,1.93
8,33.6,26.0,0.0,4.0,96,67.0,9.9,2.9,509.65,1.89
8,32.6,26.6,0.6,2.6,96,71.0,6.0,6.8,381.13,2.05
8,32.0,27.0,0.0,3.0,92,74.0,8.0,4.8,447.04,2.15
8,32.0,27.0,2.2,3.2,96,77.0,10.0,2.8,512.95,2.32
8,31.6,26.6,3.4,4.4,96,74.0,6.4,6.4,394.31,2.4
8,30.2,26.4,3.2,4.2,96,74.0,7.4,5.4,427.26,2.57
8,32.6,26.6,0.0,4.0,96,65.0,10.1,2.7,516.24,2.36
8,32.8,26.8,1.2,3.2,92,62.0,7.9,4.9,443.74,2.08
8,34.4,27.0,17.6,3.6,96,65.0,8.5,4.3,463.51,1.95
8,28.4,26.0,27.4,4.4,96,92.0,1.1,11.7,219.65,1.86
8,28.2,26.0,15.6,2.6,96,96.0,0.5,12.3,199.88,1.97
8,29.6,25.6,4.8,4.8,96,87.0,1.5,11.3,232.83,1.73
8,31.8,26.0,13.0,3.0,96,64.0,5.4,7.4,361.36,1.87
8,31.4,25.4,7.057692307692308,2.0,96,65.0,3.0,9.8,282.26,1.63
8,31.4,25.8,1.6,2.6,96,96.0,2.5,10.3,265.79,1.81
8,32.6,25.8,7.057692307692308,3.0,96,67.0,8.2,4.6,453.63,1.89
8,32.0,26.0,7.057692307692308,3.0,96,62.0,8.9,3.9,476.7,2.01
8,31.6,26.6,3.4,3.4,92,65.0,7.3,5.5,423.97,2.17
8,29.8,26.4,12.2,3.2,96,80.0,6.7,6.1,404.2,2.21
8,32.2,26.2,7.057692307692308,3.0,96,67.0,7.2,5.6,420.67,2.15
8,31.4,26.4,7.057692307692308,2.0,96,80.0,1.5,11.3,232.83,2.1
8,31.4,26.6,14.4,2.4,96,77.0,6.0,6.8,381.13,1.92
9,30.8,26.6,0.6,2.6,96,67.0,4.2,8.0,291.35,1.65
9,31.6,26.4,4.0,2.0,96,80.0,2.9,9.3,251.5,1.65
9,31.8,26.0,0.0,2.0,96,81.0,4.8,7.4,309.74,1.59
9,32.4,26.4,2.6,3.6,96,77.0,6.9,5.3,374.11,1.52
9,32.0,26.0,0.0,3.0,96,74.0,8.9,3.3,435.42,1.52
9,26.4,26.0,24.0,3.0,96,77.0,0.0,12.2,162.6,1.8
9,30.6,25.0,1.8,2.8,96,74.0,8.8,3.4,432.36,1.83
9,32.2,25.6,0.0,3.0,96,74.0,9.4,2.8,450.75,1.77
9,32.4,26.0,2.2,2.2,96,68.0,7.8,4.4,401.7,1.77
9,31.0,26.2,0.0,2.0,96,81.0,0.4,11.8,174.86,1.82
9,32.4,26.4,0.0,2.0,96,77.0,5.1,7.1,318.94,1.77
9,30.6,26.8,5.2,2.2,96,88.0,1.5,10.7,208.58,1.78
9,32.6,26.6,0.0,2.0,96,74.0,5.4,6.8,328.13,1.74
9,34.4,26.8,11.0,3.0,96,65.0,7.1,5.1,380.24,1.61
9,32.8,26.2,0.0,4.0,96,64.0,7.3,4.9,386.37,1.44
9,33.8,26.8,0.0,4.0,96,62.0,7.6,4.6,395.57,1.41
9,35.4,26.8,0.0,3.0,96,65.0,9.1,3.1,441.55,1.32
9,35.2,26.8,0.0,3.0,96,62.0,8.6,3.6,426.23,1.3
9,36.0,27.2,0.0,3.0,92,59.0,8.2,4.0,413.96,1.3
9,32.4,27.0,10.6,4.6,87,65.0,7.8,4.4,401.7,1.74
9,29.0,24.6,16.4,3.4,96,70.0,5.2,7.0,322.0,1.95
9,32.2,24.2,0.0,2.0,96,67.0,5.8,6.4,340.39,1.62
9,32.8,25.0,0.0,2.0,96,77.0,7.9,4.3,404.77,1.55
9,32.2,26.0,0.0,3.0,96,84.0,2.3,9.9,233.1,1.54
9,34.0,26.6,1.6,2.6,96,80.0,6.4,5.8,358.79,1.54
9,33.0,27.0,0.0,2.0,96,71.0,4.0,8.2,285.22,1.53
9,34.0,26.6,0.0,2.0,96,59.0,7.7,4.5,398.64,1.5
9,33.6,27.0,0.0,3.0,96,67.0,5.5,6.7,331.2,1.49
9,33.2,27.0,0.0,2.0,96,74.0,6.2,6.0,352.66,1.47
9,34.8,27.0,0.0,3.0,96,65.0,7.6,4.6,395.57,1.48
10,35.0,26.8,0.0,4.0,96,59.0,7.3,4.3,359.28,1.25
10,35.0,25.8,0.0,2.0,96,62.0,7.8,3.8,373.83,1.15
10,35.2,26.2,0.0,3.0,91,62.0,7.9,3.7,376.74,1.1
10,34.4,26.6,0.0,3.0,96,59.0,7.7,3.9,370.92,1.03
10,34.4,26.0,0.0,2.0,91,65.0,6.6,5.0,338.91,1.05
10,34.6,25.4,0.0,3.0,91,62.0,7.9,3.7,376.74,1.12
10,34.6,25.4,0.0,3.0,96,59.0,8.0,3.6,379.66,1.2
10,32.5,25.6,0.0,2.0,91,58.0,6.0,5.6,321.44,1.32
10,28.8,25.0,4.4,1.4,96,80.0,0.5,11.1,161.35,1.43
10,26.0,23.4,28.4,1.4,95,83.0,0.0,11.6,146.8,1.72
10,25.0,22.6,28.6,1.6,95,87.0,0.0,11.6,146.8,1.88
10,26.0,23.0,17.0,2.0,95,91.0,0.2,11.4,152.62,1.71
10,25.6,22.4,8.2,2.2,95,96.0,0.9,10.7,173.0,1.66
10,28.8,22.6,0.0,2.0,95,66.0,4.3,7.3,271.96,1.45
10,30.8,22.8,0.0,3.0,95,63.0,7.7,3.9,370.92,1.15
10,31.0,22.4,0.0,2.0,95,69.0,7.2,4.4,356.37,0.94
10,30.2,21.8,0.0,2.0,95,52.0,7.4,4.2,362.19,0.81
10,31.6,21.2,0.0,2.0,95,59.0,7.9,3.7,376.74,0.75
10,31.6,21.6,0.0,2.0,95,63.0,6.8,4.8,344.73,0.74
10,32.2,23.0,0.0,2.0,95,63.0,6.7,4.9,341.82,0.89
10,32.0,23.2,0.0,2.0,95,60.0,6.5,5.1,335.99,0.99
10,31.8,22.8,0.0,2.0,95,63.0,6.5,5.1,335.99,1.09
10,32.0,22.8,0.0,2.0,95,59.0,7.0,4.6,350.55,1.11
10,31.6,22.0,0.0,2.0,95,60.0,6.8,4.8,344.73,1.16
10,30.4,22.4,0.0,2.0,95,62.0,6.6,5.0,338.91,1.22
10,31.2,23.0,0.0,3.0,95,50.0,7.4,4.2,362.19,1.17
10,32.2,18.6,0.0,2.0,90,59.0,7.2,4.4,356.37,1.22
10,25.0,20.4,0.0,2.0,90,79.0,0.0,11.6,146.8,1.26
10,23.4,21.0,0.0,2.0,95,90.0,0.5,11.1,161.35,1.18
10,25.0,21.2,0.0,2.8,95,59.0,1.4,10.2,187.55,1.01
10,29.4,21.8,0.0,3.0,95,72.0,6.6,5.0,338.91,1.06
11,32.2,21.6,3.2,2.0,95,67.0,7.9,3.1,329.36,1.03
11,32.4,21.8,3.2,2.0,95,67.0,7.1,3.9,308.58,0.92
11,33.6,22.2,3.2,2.0,95,67.0,7.1,3.9,308.58,0.95
11,32.0,22.8,3.2,2.0,95,63.0,7.7,3.3,324.16,0.97
11,32.2,22.0,3.2,2.0,95,67.0,7.4,3.6,316.37,1.01
11,31.4,22.4,3.2,2.2,95,63.0,4.9,6.1,251.45,1.08
11,28.6,21.6,3.2,1.0,95,61.0,6.0,5.0,280.01,1.06
11,29.2,20.2,3.2,2.0,95,62.0,6.3,4.7,287.81,1.04
11,28.8,18.6,3.2,2.0,95,46.0,7.5,3.5,318.97,1.02
11,28.6,17.8,3.2,2.0,94,53.0,7.3,3.7,313.77,1.1
11,29.6,18.0,3.2,2.0,95,46.0,7.5,3.5,318.97,1.08
11,29.0,18.0,3.2,2.0,94,61.0,6.3,4.7,287.81,1.01
11,29.2,18.0,3.2,2.0,95,57.0,7.0,4.0,305.98,0.98
11,29.2,18.4,3.2,1.0,95,58.0,6.3,4.7,287.81,0.94
11,30.2,18.4,3.2,1.0,95,59.0,6.1,4.9,282.61,0.88
11,30.4,19.2,3.2,1.0,95,57.0,5.8,5.2,274.82,0.84
11,30.0,20.0,3.2,3.0,95,57.0,5.6,5.4,269.63,0.83
11,29.4,20.0,3.2,2.0,95,61.0,6.0,5.0,280.01,0.73
11,29.4,18.8,3.2,1.0,95,54.0,6.6,4.4,295.6,0.77
11,28.4,16.8,3.2,1.0,94,55.0,6.2,4.8,285.21,0.87
11,27.4,17.2,3.2,1.0,95,56.0,4.6,6.4,243.66,0.93
11,27.8,16.4,3.2,1.0,94,60.0,6.3,4.7,287.81,0.98
11,26.8,16.8,3.2,2.0,94,53.0,6.8,4.2,300.79,1.09
11,28.0,16.8,3.2,2.0,98,55.0,6.7,4.3,298.19,1.13
11,29.0,16.8,3.2,1.0,89,51.0,7.1,3.9,308.58,1.14
11,30.2,16.8,3.2,1.0,94,53.0,7.2,3.8,311.18,1.22
11,31.8,16.8,3.2,2.0,94,51.0,7.0,4.0,305.98,1.21
11,31.8,17.8,3.2,2.0,89,51.0,6.8,4.2,300.79,1.05
11,29.6,16.8,3.2,1.0,94,46.0,6.9,4.1,303.39,1.01
11,31.0,16.8,3.2,2.0,94,47.0,6.7,4.3,298.19,0.95
12,28.0,17.0,0.0,2.0,88,52.0,4.5,6.2,223.09,0.88
12,26.0,16.0,0.0,2.0,94,50.0,7.0,3.7,284.03,0.81
12,26.0,15.8,0.0,2.0,88,50.0,6.4,4.3,269.4,0.89
12,27.0,15.0,0.0,2.0,88,46.0,7.1,3.6,286.47,0.87
12,26.0,15.0,0.0,1.0,88,52.0,6.8,3.9,279.15,0.88
12,26.0,14.8,0.0,1.0,88,52.0,4.7,6.0,227.97,0.93
12,26.0,14.8,0.0,1.0,94,55.0,6.3,4.4,266.97,0.94
12,24.0,14.0,0.0,2.0,88,54.0,5.8,4.9,254.78,0.96
12,26.4,13.6,0.0,1.0,88,52.0,6.8,3.9,279.15,0.96
12,26.4,13.8,0.0,1.0,82,54.0,6.5,4.2,271.84,0.92
12,26.0,13.8,0.0,2.0,94,52.0,6.5,4.2,271.84,0.89
12,26.4,14.0,0.0,2.0,88,54.0,6.6,4.1,274.28,0.84
12,27.2,14.6,0.0,2.0,94,52.0,6.5,4.2,271.84,0.81
12,27.8,14.8,0.0,1.0,94,53.0,6.3,4.4,266.97,0.77
12,24.0,15.2,0.0,2.0,83,56.0,1.5,9.2,149.96,0.72
12,22.6,17.8,2.2,1.2,79,77.0,0.0,10.7,113.4,0.69
12,20.4,18.2,1.0,2.0,94,77.0,0.0,10.7,113.4,0.64
12,19.4,17.8,1.2,1.2,89,76.0,0.0,10.7,113.4,0.62
12,16.8,16.0,0.0,1.0,88,84.0,0.0,10.7,113.4,0.66
12,22.6,13.2,0.0,1.0,94,80.0,5.6,5.1,249.9,0.7
12,22.4,12.6,0.0,1.0,94,55.0,6.0,4.7,259.65,0.73
12,23.6,12.4,0.0,1.0,93,53.0,6.1,4.6,262.09,0.78
12,24.6,12.2,0.0,1.0,94,53.0,6.3,4.4,266.97,0.86
12,25.2,12.8,0.0,1.0,94,54.0,6.4,4.3,269.4,0.94
12,24.8,12.4,0.0,1.0,87,52.0,6.2,4.5,264.53,0.93
12,22.8,12.2,0.0,1.0,87,52.0,6.0,4.7,259.65,0.91
12,22.6,10.6,0.0,1.0,93,47.0,5.9,4.8,257.22,0.86
12,22.4,10.2,0.0,1.0,86,36.0,6.3,4.4,266.97,0.78
12,22.0,8.2,0.0,2.0,85,38.0,6.7,4.0,276.72,0.74
12,24.8,8.2,0.0,1.0,93,49.0,6.5,4.2,271.84,0.69
12,27.2,9.8,0.0,1.0,93,45.0,6.0,4.7,259.65,0.63
1,26.8,11.2,0.0,2.0,93,28.0,6.5,4.3,282.77,0.6
1,28.0,13.6,0.0,1.0,87,34.0,6.8,4.0,290.35,0.64
1,25.6,12.0,0.0,1.0,86,30.0,6.8,4.0,290.35,0.7
1,23.0,11.0,0.0,2.0,93,32.0,6.4,4.4,280.25,0.76
1,25.2,10.8,0.0,2.0,86,27.0,6.7,4.1,287.82,0.82
1,26.6,10.6,0.0,1.0,93,32.0,7.7,3.1,313.08,0.87
1,26.8,11.4,0.0,1.0,93,32.0,6.8,4.0,290.35,0.9
1,25.0,11.8,0.0,2.0,93,27.0,6.6,4.2,285.3,0.91
1,25.0,11.8,0.0,1.0,86,39.0,6.6,4.2,285.3,0.87
1,25.0,12.0,0.0,1.0,87,27.0,6.3,4.5,277.72,0.82
1,24.0,10.2,0.0,2.0,86,32.0,7.0,3.8,295.4,0.75
1,25.0,11.0,0.0,1.0,86,30.0,6.4,4.4,280.25,0.7
1,26.0,11.4,0.0,1.0,86,36.0,7.2,3.6,300.45,0.63
1,25.0,11.6,0.0,2.0,86,34.0,6.3,4.5,277.72,0.58
1,23.2,12.4,0.0,2.0,87,56.0,5.7,5.1,262.57,0.55
1,25.4,10.4,0.0,1.0,86,27.0,7.3,3.5,302.98,0.57
1,20.9,10.8,0.0,1.0,73,32.0,6.6,4.2,285.3,0.61
1,25.8,10.9,0.0,1.0,86,30.0,6.7,4.1,287.82,0.66
1,25.0,11.8,0.0,2.0,93,41.0,6.5,4.3,282.77,0.72
1,25.2,11.8,0.0,1.0,93,50.0,5.8,5.0,265.09,0.83
1,26.6,12.0,0.0,1.0,93,43.0,6.7,4.1,287.82,0.9
1,28.0,12.8,0.0,2.0,94,44.0,7.2,3.6,300.45,0.92
1,28.2,13.4,0.0,2.0,87,36.0,7.3,3.5,302.98,0.88
1,29.0,12.8,0.0,1.0,87,42.0,7.2,3.6,300.45,0.85
1,30.0,13.0,0.0,2.0,88,36.0,7.7,3.1,313.08,0.84
1,31.8,13.0,0.0,2.0,88,46.0,7.6,3.2,310.56,0.77
1,28.8,15.0,0.0,2.0,88,46.0,6.5,4.3,282.77,0.7
1,24.0,16.6,0.0,2.0,88,39.0,6.3,4.5,277.72,0.64
1,23.6,16.4,0.0,3.0,94,43.0,7.3,3.5,302.98,0.57
1,24.2,10.2,0.0,3.0,86,32.0,8.2,2.6,325.71,0.52
1,27.0,10.2,0.0,2.0,87,32.0,8.2,2.6,325.71,0.42
2,31.0,11.4,0.0,2.0,93,32.0,8.4,2.8,381.5,0.41
2,28.8,11.6,0.0,2.0,87,23.0,8.5,2.7,384.38,0.38
2,28.4,12.8,0.0,2.0,93,34.0,8.6,2.6,387.25,0.36
2,28.2,11.6,0.0,3.0,86,30.0,8.5,2.7,384.38,0.4
2,27.2,11.8,0.0,3.0,86,41.0,8.5,2.7,384.38,0.43
2,27.4,10.6,0.0,3.0,86,43.0,8.6,2.6,387.25,0.45
2,26.6,10.8,0.0,3.0,87,44.0,8.3,2.9,378.63,0.43
2,31.2,12.8,0.0,3.0,88,51.0,7.9,3.3,367.13,0.41
2,30.6,14.8,0.0,3.0,77,38.0,8.7,2.5,390.13,0.38
2,27.2,16.8,0.0,2.0,88,38.0,8.1,3.1,372.88,0.35
2,27.6,11.8,0.0,3.0,86,43.0,8.9,2.3,395.88,0.27
2,29.0,11.8,0.0,3.0,87,43.0,8.5,2.7,384.38,0.23
2,29.2,12.8,0.0,4.0,94,36.0,8.4,2.8,381.5,0.17
2,30.4,14.0,0.0,2.0,94,38.0,9.4,1.8,410.25,0.1
2,31.4,14.2,0.0,2.0,88,26.0,9.1,2.1,401.63,0.16
2,24.2,15.0,0.0,1.0,88,59.0,3.2,8.0,232.0,0.25
2,28.8,14.6,0.0,3.0,94,54.0,6.4,4.8,324.0,0.34
2,29.2,15.8,0.0,2.0,88,44.0,7.3,3.9,349.88,0.45
2,31.8,16.0,0.0,2.0,89,36.0,8.4,2.8,381.5,0.49
2,31.4,18.6,0.0,3.0,95,58.0,8.1,3.1,372.88,0.48
2,30.0,21.0,0.0,2.0,90,53.0,3.4,7.8,237.75,0.46
2,33.0,20.8,0.0,3.0,95,49.0,8.2,3.0,375.75,0.41
2,33.0,21.0,0.0,3.0,90,50.0,8.4,2.8,381.5,0.37
2,31.0,21.0,0.0,2.0,95,48.0,8.1,3.1,372.88,0.31
2,19.0,19.0,9.9,2.0,88,69.0,0.0,11.2,140.0,0.26
2,21.8,16.8,27.0,2.0,94,95.0,3.2,8.0,232.0,0.27
2,25.0,17.6,13.0,1.0,94,95.0,3.2,8.0,232.0,0.27
2,24.8,18.8,16.0,2.0,94,90.0,3.9,7.3,252.13,0.26
3,25.6,17.0,0.0,3.0,88,50.0,9.4,2.5,463.65,0.19
3,25.8,13.8,0.0,4.0,87,30.0,9.7,2.2,473.19,0.23
3,26.4,13.0,0.0,4.0,93,32.0,9.2,2.7,457.28,0.3
3,27.2,13.2,0.0,2.0,89,43.0,3.8,8.1,285.49,0.3
3,24.4,18.4,13.5,2.0,84,71.0,4.0,7.9,291.85,0.38
3,28.6,21.0,0.0,1.0,90,82.0,6.4,5.5,368.21,0.45
3,28.6,21.0,0.0,4.0,90,53.0,8.5,3.4,435.01,0.48
3,29.0,19.0,0.0,3.0,77,53.0,9.0,2.9,450.92,0.44
3,29.6,20.0,0.0,3.0,77,43.0,8.2,3.7,425.47,0.37
3,31.6,20.0,0.0,2.0,90,46.0,7.4,4.5,400.02,0.33
3,32.4,21.4,0.0,3.0,95,46.0,5.3,6.6,333.21,0.29
3,23.0,21.6,0.0,4.0,95,60.0,8.3,3.6,428.65,0.25
3,34.6,24.0,0.0,3.0,90,53.0,8.2,3.7,425.47,0.19
3,35.0,23.8,0.0,3.0,91,68.0,7.3,4.6,396.84,0.11
3,34.0,28.6,0.0,4.0,90,59.0,8.3,3.6,428.65,0.07
3,35.0,22.8,0.0,4.0,59,59.0,8.8,3.1,444.56,0.1
3,36.0,21.8,5.2,4.0,90,60.0,8.5,3.4,435.01,0.13
3,29.8,20.4,0.0,3.0,90,38.0,3.9,8.0,288.67,0.23
3,32.8,20.2,0.0,3.0,90,38.0,8.4,3.5,431.83,0.33
3,34.8,21.2,5.1,3.0,90,45.0,8.7,3.2,441.38,0.39
3,34.2,22.0,0.0,3.0,95,52.0,8.0,3.9,419.11,0.47
3,35.0,22.8,2.0,4.0,90,57.0,8.6,3.3,438.2,0.51
3,34.0,21.0,0.0,3.0,90,43.0,8.7,3.2,441.38,0.55
3,34.8,22.0,0.0,4.0,95,76.0,8.7,3.2,441.38,0.52
3,35.6,18.8,0.0,4.0,90,52.0,9.8,2.1,476.37,0.49
3,35.8,18.8,0.0,4.0,90,52.0,9.8,2.1,476.37,0.43
3,32.4,21.6,0.0,3.0,79,57.0,7.8,4.1,412.74,0.37
3,35.2,21.0,0.0,4.0,90,45.0,8.5,3.4,435.01,0.34
3,28.8,21.0,0.0,4.0,90,53.0,8.3,3.6,428.65,0.3
3,35.0,22.6,0.0,3.0,90,36.0,8.2,3.7,425.47,0.3
3,34.8,23.0,12.2,4.2,91,36.0,8.3,3.6,428.65,0.29
4,29.2,19.6,0.0,5.0,95,36.0,7.6,5.0,423.03,0.41
4,32.8,19.4,0.1,4.0,96,52.0,7.0,5.6,403.62,0.51
4,34.8,22.8,17.0,4.0,90,52.0,7.3,5.3,413.33,0.65
4,31.8,20.6,0.0,4.0,95,59.0,8.9,3.7,465.08,0.74
4,22.6,23.0,0.0,3.0,90,59.0,8.9,3.7,465.08,0.81
4,22.6,19.8,16.0,3.0,95,52.0,8.8,3.8,461.85,0.85
4,31.4,19.8,0.0,4.0,95,50.0,8.2,4.4,442.44,0.83
4,29.2,20.0,5.2,3.0,90,91.0,5.4,7.2,351.87,0.77
4,32.2,23.0,16.2,5.0,95,52.0,9.4,3.2,481.25,0.67
4,28.1,20.4,5.0,2.0,95,82.0,5.4,7.2,351.87,0.59
4,32.8,20.8,0.0,4.0,95,64.0,7.6,5.0,423.03,0.52
4,33.0,21.8,0.0,4.0,95,53.0,7.8,4.8,429.5,0.46
4,34.8,21.6,18.8,4.0,96,60.0,7.5,5.1,419.8,0.41
4,33.2,21.2,0.0,5.0,95,67.0,9.7,2.9,490.96,0.44
4,34.6,21.4,0.0,5.0,91,61.0,9.8,2.8,494.19,0.48
4,33.8,26.0,0.0,4.0,91,68.0,6.4,6.2,384.21,0.5
4,35.2,24.2,0.0,5.0,90,60.0,9.1,3.5,471.55,0.67
4,33.4,24.0,0.0,5.0,90,53.0,9.3,3.3,478.02,0.75
4,33.2,23.8,0.0,4.0,90,46.0,8.2,4.4,442.44,0.72
4,33.5,24.0,0.0,5.0,90,46.0,9.5,3.1,484.49,0.81
4,36.6,23.0,0.0,5.0,90,47.0,9.5,3.1,484.49,0.87
4,35.2,23.2,0.0,5.0,85,47.0,9.3,3.3,478.02,0.85
4,35.8,23.0,0.0,5.0,86,40.0,9.3,3.3,478.02,0.74
4,36.2,24.0,0.0,5.0,91,47.0,9.4,3.2,481.25,0.58
4,36.4,28.8,0.0,5.0,91,47.0,9.4,3.2,481.25,0.45
4,36.0,25.0,0.0,4.0,91,40.0,8.7,3.9,458.61,0.43
4,37.2,24.0,0.0,4.0,91,62.0,8.3,4.3,445.67,0.38
4,35.2,26.6,0.0,4.0,92,55.0,7.5,5.1,419.8,0.56
4,35.2,27.0,0.0,5.0,91,55.0,9.5,3.1,484.49,0.56
4,35.4,26.8,0.0,4.0,91,61.0,8.2,4.4,442.44,0.67
5,34.8,26.8,0.0,5.0,91,61.0,9.5,3.7,496.01,0.8
5,35.0,26.6,0.0,4.0,91,62.0,7.5,5.7,430.91,0.92
5,34.8,26.8,85.5,0.0,92,62.0,5.5,7.7,365.82,1.17
5,25.8,24.0,0.2,1.2,91,91.0,0.0,13.2,186.8,1.67
5,33.2,22.4,0.0,4.0,90,68.0,9.7,3.5,502.52,1.37
5,34.6,23.0,0.0,4.0,92,61.0,7.0,6.2,414.64,1.17
5,34.8,26.8,0.0,4.0,92,61.0,9.1,4.1,482.99,1.14
5,35.0,27.2,0.0,5.0,83,62.0,8.8,4.4,473.23,1.25
5,34.6,27.6,0.0,5.0,92,62.0,8.9,4.3,476.48,1.2
5,35.4,28.0,0.0,5.0,92,61.0,8.9,4.3,476.48,1.08
5,35.2,27.8,0.0,5.0,92,62.0,8.5,4.7,463.46,0.95
5,35.8,27.6,0.0,6.0,91,55.0,9.2,4.0,486.25,0.85
5,35.6,27.8,5.4,5.0,92,62.0,8.9,4.3,476.48,0.74
5,35.4,28.0,4.0,4.0,91,69.0,8.6,4.6,466.72,0.8
5,35.0,23.8,0.0,4.0,91,62.0,7.6,5.6,434.17,0.92
5,35.8,25.2,0.0,5.0,92,62.0,9.5,3.7,496.01,1.17
5,35.4,27.0,0.0,3.0,92,62.0,9.1,4.1,482.99,1.17
5,35.4,27.2,0.0,5.0,92,69.0,9.2,4.0,486.25,1.23
5,35.2,28.6,0.0,5.0,92,62.0,7.1,6.1,417.89,1.24
5,36.0,27.6,0.0,3.0,92,62.0,7.6,5.6,434.17,1.05
5,36.0,27.8,0.0,4.0,92,63.0,8.7,4.5,469.97,1.36
5,35.6,27.2,20.1,5.0,92,63.0,8.1,5.1,450.44,1.24
5,32.6,21.8,0.0,4.0,90,76.0,6.2,7.0,388.6,1.21
5,33.4,23.0,10.2,5.0,92,68.0,8.6,4.6,466.72,1.19
5,29.2,22.0,0.0,2.0,90,91.0,2.3,10.9,261.66,1.03
5,35.2,22.4,0.0,4.0,91,62.0,7.4,5.8,427.66,1.03
5,35.6,26.4,0.0,3.0,92,62.0,8.5,4.7,463.46,0.92
5,37.0,22.8,0.0,5.0,92,62.0,8.0,5.2,447.19,0.89
5,38.0,27.8,0.0,4.0,92,63.0,7.2,6.0,421.15,0.76
5,36.6,27.8,0.0,4.0,82,63.0,7.2,6.0,421.15,0.9
5,35.4,27.6,0.0,5.0,92,62.0,4.2,9.0,323.5,0.95
6,35.2,27.0,0.0,11.5,92,53.0,9.2,4.3,485.75,1.0
6,34.6,27.2,5.4,11.6,92,82.0,4.2,9.3,324.58,1.11
6,32.4,24.6,14.0,12.6,96,82.0,5.2,8.3,356.82,1.19
6,31.4,25.6,6.0,13.0,96,82.0,3.3,10.2,295.57,1.24
6,29.0,25.8,0.0,12.8,96,87.0,2.8,10.7,279.46,1.26
6,30.0,25.6,2.2,12.8,91,83.0,0.5,13.0,205.32,1.34
6,28.6,26.0,29.4,15.0,91,66.0,0.2,13.3,195.65,1.37
6,30.4,25.2,9.4,16.1,91,74.0,4.5,9.0,334.25,1.3
6,31.0,26.0,1.2,16.0,91,96.0,3.0,10.5,285.9,1.11
6,33.4,26.4,0.0,15.6,91,76.0,7.8,5.7,440.63,1.03
6,34.6,26.8,0.0,15.4,92,68.0,6.2,7.3,389.05,0.92
6,35.4,28.0,0.0,15.0,92,61.0,8.2,5.3,453.52,0.94
6,35.6,26.0,0.0,14.6,82,68.0,5.9,7.6,379.38,0.93
6,34.0,27.0,0.0,14.4,92,76.0,0.5,13.0,205.32,0.98
6,34.6,28.0,0.7,14.8,92,68.0,4.6,8.9,337.48,1.06
6,34.4,24.4,0.0,14.4,92,68.0,9.1,4.4,482.53,1.28
6,35.2,28.8,24.2,16.4,92,77.0,6.7,6.8,405.17,1.38
6,31.0,24.8,0.0,16.1,95,76.0,1.0,12.5,221.43,1.31
6,35.0,24.4,0.0,15.8,92,61.0,7.1,6.4,418.06,1.31
6,34.6,27.6,20.2,17.5,92,68.0,6.3,7.2,392.27,1.38
6,29.8,26.8,15.0,18.7,91,92.0,2.4,11.1,266.56,1.44
6,32.6,26.4,0.0,18.4,96,83.0,7.6,5.9,434.18,1.39
6,34.6,26.8,0.0,18.0,92,61.0,9.4,4.1,492.2,1.13
6,35.0,27.8,0.0,17.6,92,69.0,7.9,5.6,443.85,1.1
6,35.2,28.0,19.1,19.1,92,62.0,6.5,7.0,398.72,1.07
6,34.4,27.0,0.0,18.8,92,69.0,8.4,5.1,459.97,0.97
6,35.0,27.8,0.0,18.4,91,62.0,6.6,6.9,401.94,1.04
6,32.4,28.0,23.0,20.4,87,82.0,3.2,10.3,292.35,1.15
6,32.4,27.0,0.0,20.1,96,76.0,5.2,8.3,356.82,1.22
6,33.2,27.0,4.0,20.1,92,68.0,6.2,7.3,389.05,1.31
7,29.0,26.8,15.0,3.0,91,82.0,2.1,11.3,255.22,1.45
7,29.0,26.6,44.2,2.0,91,83.0,2.0,11.4,252.0,1.59
7,30.0,26.0,6.0,4.0,96,92.0,4.0,9.4,316.4,1.71
7,31.6,26.4,9.1,4.0,92,83.0,4.0,9.4,316.4,1.76
7,31.0,27.0,19.4,4.0,91,83.0,4.0,9.4,316.4,1.7
7,28.8,26.6,10.3,2.0,91,83.0,2.0,11.4,252.0,1.61
7,27.6,26.6,20.1,3.0,96,91.0,3.0,10.4,284.2,1.59
7,28.2,26.0,30.0,2.0,96,96.0,2.0,11.4,252.0,1.55
7,27.4,25.8,13.2,2.0,96,91.0,2.0,11.4,252.0,1.61
7,28.0,26.0,0.0,2.0,91,92.0,2.0,11.4,252.0,1.56
7,28.2,26.0,23.2,2.0,91,91.0,2.0,11.4,252.0,1.46
7,30.0,26.0,20.0,2.0,91,91.0,2.0,11.4,252.0,1.52
7,29.6,26.0,35.1,3.0,96,92.0,3.0,10.4,284.2,1.47
7,31.6,23.4,2.0,2.0,91,82.0,2.0,11.4,252.0,1.47
7,32.6,25.8,0.0,3.0,92,84.0,3.0,10.4,284.2,1.5
7,34.0,26.8,0.0,3.0,92,77.0,3.0,10.4,284.2,1.56
7,35.0,27.6,0.0,5.0,92,69.0,5.0,8.4,348.6,1.66
7,31.0,27.8,0.5,2.0,92,91.0,2.0,11.4,252.0,1.66
7,32.6,26.0,0.0,3.0,91,68.0,3.0,10.4,284.2,1.68
7,34.0,27.0,0.0,5.0,92,68.0,5.0,8.4,348.6,1.74
7,34.6,27.8,0.0,4.0,92,62.0,4.0,9.4,316.4,1.68
7,34.6,27.8,2.4,2.4,92,62.0,2.4,11.0,264.88,1.68
7,34.6,27.0,2.0,3.0,92,62.0,3.0,10.4,284.2,1.64
7,33.6,27.0,5.0,2.0,92,68.0,2.0,11.4,252.0,1.65
7,32.0,25.8,62.0,2.0,91,96.0,2.0,11.4,252.0,1.62
7,32.0,25.0,25.0,2.0,91,82.0,2.0,11.4,252.0,1.61
7,29.0,25.0,9.3,3.0,91,83.0,3.0,10.4,284.2,1.72
7,28.6,25.6,4.0,3.0,91,82.0,3.0,10.4,284.2,1.88
7,30.0,26.0,9.0,3.0,91,92.0,3.0,10.4,284.2,1.98
7,28.6,25.8,15.1,1.0,96,91.0,1.0,12.4,219.8,1.94
7,30.0,26.0,0.0,3.0,91,83.0,3.0,10.4,284.2,1.88
8,31.6,26.0,0.0,3.0,91,74.0,8.1,4.7,450.33,1.94
8,32.0,26.0,0.0,4.0,91,60.0,9.3,3.5,489.88,1.96
8,32.4,26.8,0.0,3.0,91,76.0,9.2,3.6,486.58,1.9
8,33.6,27.0,0.0,4.0,92,76.0,7.4,5.4,427.26,1.9
8,36.6,27.2,14.0,4.0,92,62.0,9.3,3.5,489.88,1.78
8,31.6,27.6,4.0,6.0,91,82.0,9.7,3.1,503.06,1.78
8,31.0,26.0,16.0,3.0,91,83.0,3.9,8.9,311.92,2.1
8,31.6,26.0,13.0,3.0,91,82.0,7.6,5.2,433.86,2.06
8,28.4,26.4,7.0,1.0,91,83.0,0.0,12.8,183.4,1.94
8,31.6,26.0,9.0,2.0,91,83.0,3.3,9.5,292.15,1.76
8,34.4,26.6,35.1,3.0,92,82.0,9.3,3.5,489.88,1.49
8,31.0,26.6,20.0,2.0,91,91.0,3.2,9.6,288.86,1.55
8,27.6,26.0,82.0,1.0,91,91.0,0.0,12.8,183.4,1.74
8,28.6,25.0,2.0,1.0,91,83.0,0.0,12.8,183.4,1.78
8,29.4,25.8,17.0,2.0,96,91.0,3.0,9.8,282.26,1.72
8,31.6,26.6,14.1,2.0,91,76.0,0.0,12.8,183.4,1.7
8,28.8,25.0,20.0,2.0,91,91.0,0.0,12.8,183.4,1.63
8,31.6,25.0,0.0,4.0,96,83.0,7.6,5.2,433.86,1.66
8,32.2,26.0,0.0,4.0,91,83.0,8.7,4.1,470.11,1.66
8,32.2,27.0,0.0,3.0,91,76.0,7.4,5.4,427.26,1.6
8,32.6,26.6,0.0,2.0,91,82.0,6.1,6.7,384.42,1.5
8,32.8,27.0,0.0,4.0,91,84.0,6.9,5.9,410.79,1.41
8,31.6,27.0,0.0,3.0,91,82.0,6.6,6.2,400.9,1.37
8,31.8,26.6,0.0,2.0,91,82.0,4.8,8.0,341.58,1.37
8,31.0,26.6,5.0,3.0,91,82.0,4.9,7.9,344.88,1.37
8,32.6,26.2,0.0,4.0,91,76.0,9.8,3.0,506.36,1.37
8,32.2,26.6,0.0,4.0,91,53.0,9.4,3.4,493.17,1.38
8,32.4,26.6,0.0,4.0,92,82.0,9.3,3.5,489.88,1.41
8,32.4,26.8,0.0,4.0,92,82.0,9.2,3.6,486.58,1.45
8,33.8,27.0,0.0,5.0,91,69.0,8.5,4.3,463.51,1.59
8,34.6,27.0,20.0,4.0,82,76.0,6.0,6.8,381.13,1.71
9,32.4,26.8,0.0,4.0,91,76.0,0.0,12.2,162.6,1.75
9,32.2,26.6,0.0,4.0,91,76.0,9.4,2.8,450.75,1.78
9,31.4,26.8,11.0,3.0,91,75.0,8.4,3.8,420.09,1.78
9,30.0,26.8,5.0,3.0,96,83.0,5.4,6.8,328.13,1.95
9,31.0,26.6,3.0,2.0,96,83.0,6.3,5.9,355.72,1.9
9,31.2,26.4,5.0,4.0,91,83.0,7.2,5.0,383.31,1.68
9,30.0,26.4,3.0,2.0,96,91.0,2.5,9.7,239.24,1.57
9,28.4,26.0,17.0,2.0,91,83.0,0.0,12.2,162.6,1.49
9,31.6,26.0,0.0,2.0,96,87.0,3.6,8.6,272.95,1.45
9,31.0,26.4,5.4,2.0,91,92.0,2.7,9.5,245.37,1.49
9,30.6,25.8,6.0,2.0,91,83.0,3.0,9.2,254.56,1.55
9,29.2,26.0,30.0,1.0,96,87.0,1.1,11.1,196.32,1.53
9,29.8,26.0,2.0,1.0,96,83.0,1.3,10.9,202.45,1.52
9,32.0,25.6,0.0,3.0,96,83.0,6.5,5.7,361.85,1.48
9,32.0,26.0,0.0,2.0,91,82.0,4.6,7.6,303.61,1.5
9,33.6,26.0,0.0,2.0,92,76.0,6.4,5.8,358.79,1.49
9,33.8,26.0,0.0,4.0,91,52.0,6.3,5.9,355.72,1.51
9,32.6,26.0,0.0,4.0,91,52.0,6.1,6.1,349.59,1.5
9,34.2,26.2,0.0,4.0,91,59.0,9.7,2.5,459.94,1.44
9,33.0,26.0,0.0,2.0,82,87.0,6.3,5.9,355.72,1.37
9,30.2,26.2,0.0,1.0,91,87.0,0.0,12.2,162.6,1.35
9,33.6,25.6,23.0,2.0,91,69.0,6.2,6.0,352.66,1.27
9,31.0,24.8,2.0,2.0,90,76.0,4.5,7.7,300.54,1.33
9,28.8,25.0,13.0,1.0,96,83.0,4.8,7.4,309.74,1.38
9,33.8,24.6,20.0,1.0,96,62.0,1.9,10.3,220.84,1.42
9,30.0,24.0,2.0,2.0,90,75.0,3.2,9.0,260.69,1.46
9,29.8,23.8,0.0,2.0,90,75.0,1.7,10.5,214.71,1.53
9,29.4,24.0,15.1,2.0,91,75.0,0.8,11.4,187.12,1.66
9,28.8,24.2,29.0,2.0,91,81.0,1.2,11.0,199.38,1.75
9,31.2,23.2,41.0,2.3448275862068964,90,75.0,4.9,7.3,312.81,1.88
10,28.6,23.6,65.0,1.0,91,83.0,4.0,7.6,263.23,1.88
10,31.0,24.4,0.0,3.0,91,83.0,6.0,5.6,321.44,1.85
10,32.4,24.8,0.0,2.0,91,82.0,7.4,4.2,362.19,1.65
10,33.6,24.6,0.0,2.0,90,68.0,7.9,3.7,376.74,1.49
10,34.0,23.8,0.0,2.0,91,61.0,8.7,2.9,400.03,1.4
10,31.6,25.6,28.0,2.0,86,68.0,2.5,9.1,219.57,1.21
10,32.6,23.8,0.0,2.0,90,83.0,7.2,4.4,356.37,1.02
10,31.6,24.4,18.5,2.0,90,74.0,7.1,4.5,353.46,1.02
10,28.4,24.0,11.0,1.0,90,82.0,1.3,10.3,184.64,1.1
10,28.2,24.2,0.0,2.0,91,83.0,0.0,11.6,146.8,1.3
10,31.2,23.6,0.0,3.0,90,83.0,6.3,5.3,330.17,1.37
10,31.0,23.8,0.0,3.0,91,75.0,7.2,4.4,356.37,1.4
10,32.0,24.0,0.0,3.0,90,75.0,8.3,3.3,388.39,1.3
10,32.0,22.8,0.0,3.0,90,59.0,7.9,3.7,376.74,1.23
10,32.6,22.8,0.0,3.0,80,60.0,9.8,1.8,432.05,1.23
10,33.6,23.0,18.0,3.0,91,59.0,5.5,6.1,306.89,1.24
10,32.4,24.0,0.0,2.0,90,96.0,7.5,4.1,365.1,1.28
10,32.8,24.2,0.0,2.0,91,60.0,6.9,4.7,347.64,1.21
10,33.6,25.0,0.0,2.0,91,61.0,7.7,3.9,370.92,1.15
10,32.4,25.2,0.0,3.0,81,64.0,7.3,4.3,359.28,1.1
10,32.0,25.0,0.0,3.0,90,60.0,7.4,4.2,362.19,1.03
10,31.8,24.8,0.0,2.0,91,76.0,3.2,8.4,239.94,0.95
10,32.6,24.4,9.0,2.0,91,76.0,4.9,6.7,289.42,0.84
10,27.6,23.6,0.0,1.0,91,76.0,9.0,2.6,408.76,0.8
10,23.6,22.0,44.0,1.0,90,90.0,0.0,11.6,146.8,0.86
10,29.0,22.4,30.0,1.0,95,83.0,1.2,10.4,181.73,1.08
10,29.4,22.6,0.0,2.0,90,74.0,7.4,4.2,362.19,1.26
10,28.0,22.0,0.0,2.0,90,66.0,7.8,3.8,373.83,1.23
10,30.4,22.0,0.0,2.0,90,74.0,6.3,5.3,330.17,0.92
10,32.0,21.6,0.0,2.0,91,66.0,7.3,4.3,359.28,0.99
10,31.0,21.4,0.0,2.0,91,67.0,7.5,4.1,365.1,1.08
11,31.0,21.0,0.0,1.0,90,58.0,6.9,4.1,230.67,1.12
11,31.0,21.0,0.0,3.0,91,59.0,7.3,3.7,220.29,1.05
11,32.0,21.0,0.0,3.0,90,66.0,7.2,3.8,222.88,0.88
11,31.6,21.0,0.0,2.0,91,58.0,7.4,3.6,217.69,0.66
11,32.0,21.0,0.0,2.0,79,67.0,7.3,3.7,220.29,0.63
11,29.4,21.0,0.0,1.0,79,74.0,2.2,8.8,352.73,0.63
11,32.0,19.4,0.0,1.0,89,58.0,0.0,11.0,409.86,0.76
11,26.0,19.8,28.0,1.0,80,82.0,0.0,11.0,409.86,0.96
11,23.6,22.8,15.7,0.0,95,90.0,0.0,11.0,409.86,1.28
11,23.0,22.0,21.3,0.0,90,95.0,0.0,11.0,409.86,1.63
11,26.0,21.4,0.0,1.0,95,91.0,3.5,7.5,318.97,1.32
11,28.0,20.5,0.0,2.0,91,73.0,7.5,3.5,215.09,1.32
11,28.0,20.5,0.0,2.0,90,66.0,6.5,4.5,241.06,1.24
11,29.8,19.6,0.0,1.0,89,66.0,7.6,3.4,212.49,1.25
11,30.6,19.8,0.0,2.0,78,66.0,7.5,3.5,215.09,1.16
11,29.4,19.6,0.0,1.0,83,65.0,7.6,3.4,212.49,1.12
11,28.6,19.2,0.0,2.0,89,56.0,7.1,3.9,225.48,1.03
11,28.6,18.0,0.0,2.0,77,64.0,7.5,3.5,215.09,0.93
11,28.4,22.0,0.0,2.0,77,73.0,6.7,4.3,235.87,0.8
11,28.0,17.6,0.0,1.0,82,54.0,7.0,4.0,228.08,0.66
11,27.6,16.0,0.0,1.0,82,64.0,6.3,4.7,246.25,0.55
11,28.4,16.4,0.0,1.0,77,64.0,6.4,4.6,243.66,0.49
11,28.0,17.8,0.0,1.0,77,72.0,6.2,4.8,248.85,0.5
11,27.6,17.8,0.0,1.0,88,72.0,5.2,5.8,274.82,0.51
11,28.0,18.0,0.0,2.0,88,64.0,5.5,5.5,267.03,0.52
11,28.4,18.0,0.0,2.0,89,65.0,7.8,3.2,207.3,0.56
11,28.0,18.2,0.0,2.0,88,66.0,7.2,3.8,222.88,0.58
11,30.4,18.0,0.0,2.0,77,66.0,7.4,3.6,217.69,0.58
11,30.0,18.0,0.0,1.0,77,64.0,7.1,3.9,225.48,0.63
11,26.0,17.8,0.0,2.0,88,58.0,7.4,3.6,217.69,0.55
1,25.4,11.8,0.0,1.0,86,51.0,7.6,3.2,310.56,0.49
1,23.0,14.0,4.0,1.0,88,71.0,1.7,9.1,161.54,0.42
1,17.0,15.8,54.0,1.0,88,88.0,0.0,10.8,118.6,0.35
1,19.0,16.6,0.0,1.0,88,89.0,0.2,10.6,123.65,0.27
1,22.0,15.8,0.0,1.0,88,79.0,5.5,5.3,257.52,0.29
1,20.2,17.4,0.0,2.0,86,79.0,6.6,4.2,285.3,0.35
1,19.4,11.4,0.0,1.0,86,67.0,6.5,4.3,282.77,0.39
1,21.4,11.6,0.0,1.0,87,68.0,5.7,5.1,262.57,0.41
1,22.6,13.0,0.0,1.0,87,70.0,5.7,5.1,262.57,0.47
1,23.0,13.8,0.0,1.0,87,70.0,4.9,5.9,242.36,0.5
1,19.6,12.8,0.0,1.0,87,67.0,3.9,6.9,217.1,0.56
1,19.0,12.4,0.0,1.0,85,88.0,2.2,8.6,174.17,0.55
1,22.0,12.8,0.0,2.0,87,75.0,5.2,5.6,249.94,0.5
1,24.4,10.8,0.0,2.0,88,70.0,7.1,3.7,297.93,0.43
1,24.4,11.0,0.0,1.0,86,71.0,6.4,4.4,280.25,0.38
1,26.6,12.6,0.0,2.0,87,63.0,7.3,3.5,302.98,0.35
1,28.0,13.0,0.0,2.0,87,53.0,7.8,3.0,315.61,0.32
1,28.6,14.0,0.0,2.0,87,63.0,7.3,3.5,302.98,0.29
1,27.4,13.6,0.0,1.0,87,53.0,6.8,4.0,290.35,0.26
1,23.0,13.8,0.0,2.0,88,59.0,5.5,5.3,257.52,0.28
1,23.0,11.6,0.0,2.0,87,70.0,7.6,3.2,310.56,0.31
1,24.6,11.0,0.0,2.0,85,63.0,7.7,3.1,313.08,0.34
1,25.0,11.2,0.0,1.0,87,60.0,5.4,5.4,254.99,0.37
1,24.0,12.8,0.0,1.0,73,48.0,5.9,4.9,267.62,0.44
1,23.0,10.8,0.0,2.0,86,48.0,7.2,3.6,300.45,0.51
1,22.8,10.0,0.0,2.0,93,58.0,7.2,3.6,300.45,0.57
1,23.0,10.2,0.0,2.0,70,48.0,7.5,3.3,308.03,0.59
1,24.6,11.0,0.0,1.0,86,48.0,6.2,4.6,275.2,0.55
1,22.0,11.8,0.2,2.0,75,78.0,1.1,9.7,146.38,0.52
1,23.6,14.8,0.0,1.0,88,79.0,1.9,8.9,166.59,0.48
1,22.6,15.6,0.0,1.0,88,78.0,0.0,10.8,118.6,0.45
2,24.0,11.8,0.0,1.0,86,48.0,7.7,3.5,361.38,0.44
2,24.0,11.6,0.0,2.0,86,48.0,7.8,3.4,364.25,0.41
2,23.6,9.8,0.0,2.0,85,37.0,7.7,3.5,361.38,0.38
2,25.0,9.6,0.0,2.0,85,48.0,7.8,3.4,364.25,0.35
2,25.6,10.0,0.0,1.0,87,37.0,7.3,3.9,349.88,0.37
2,26.6,12.4,0.0,2.0,72,60.0,7.8,3.4,364.25,0.42
2,26.2,12.8,0.0,2.0,72,48.0,7.2,4.0,347.0,0.46
2,22.0,13.0,0.0,1.0,88,46.0,1.4,9.8,180.25,0.59
2,25.6,11.6,0.0,1.0,76,56.0,4.3,6.9,263.63,0.67
2,25.6,12.0,0.0,2.0,86,48.0,8.6,2.6,387.25,0.72
2,25.4,10.8,0.0,2.0,86,41.0,7.4,3.8,352.75,0.74
2,27.0,11.0,0.0,3.0,85,51.0,7.6,3.6,358.5,0.7
2,26.6,10.8,0.0,2.0,69,30.0,8.3,2.9,378.63,0.63
2,26.8,10.4,0.0,2.0,72,56.0,7.7,3.5,361.38,0.55
2,23.4,12.8,0.0,1.0,88,57.0,5.0,6.2,283.75,0.48
2,28.4,14.6,0.0,1.0,87,57.0,4.0,7.2,255.0,0.44
2,29.0,14.3,0.0,2.0,88,56.0,5.7,5.5,303.88,0.39
2,29.8,14.8,0.0,2.0,87,44.0,8.3,2.9,378.63,0.37
2,29.8,15.6,0.0,2.0,75,36.0,7.9,3.3,367.13,0.35
2,29.6,15.6,0.0,2.0,75,46.0,7.2,4.0,347.0,0.42
2,30.0,15.4,0.0,2.0,88,46.0,7.9,3.3,367.13,0.45
2,31.6,15.2,0.0,3.0,75,38.0,7.2,4.0,347.0,0.53
2,32.0,15.6,0.0,2.0,75,56.0,6.7,4.5,332.63,0.61
2,29.0,15.0,0.0,2.0,77,56.0,7.4,3.8,352.75,0.67
2,23.8,17.0,0.0,1.0,78,71.0,2.9,8.3,223.38,0.71
2,22.6,16.6,0.0,1.0,88,79.0,0.0,11.2,140.0,0.73
2,21.4,15.0,0.0,1.0,88,63.0,0.8,10.4,163.0,0.71
2,28.8,15.2,0.0,2.0,88,53.0,6.4,4.8,324.0,0.66
2,31.4,15.0,0.0,2.0,88,46.0,6.5,4.7,326.88,0.71
3,29.0,15.4,0.0,2.0,75,72.0,7.8,4.1,412.74,0.58
3,30.6,15.6,0.0,3.0,88,46.0,9.1,2.8,454.1,0.56
3,29.6,17.6,0.0,3.0,78,53.0,8.2,3.7,425.47,0.57
3,30.0,18.8,2.0,2.0,78,53.0,6.4,5.5,368.21,0.52
3,30.6,19.6,2.0,3.0,89,56.0,6.4,5.5,368.21,0.77
3,27.8,19.0,1.0,2.0,88,56.0,5.8,6.1,349.12,0.68
3,26.8,19.0,0.0,1.0,90,42.0,2.6,9.3,247.31,0.75
3,29.6,19.6,0.0,1.0,78,65.0,2.6,9.3,247.31,0.84
3,30.6,18.8,0.0,2.0,89,46.0,6.2,5.7,361.84,0.89
3,30.8,16.2,0.0,3.0,88,36.0,9.1,2.8,454.1,0.93
3,33.0,16.8,0.0,4.0,78,33.0,9.2,2.7,457.28,0.85
3,34.6,20.2,0.0,4.0,79,50.0,8.8,3.1,444.56,0.76
3,35.8,21.2,0.0,3.0,79,53.0,8.3,3.6,428.65,0.62
3,34.0,21.0,0.0,3.0,79,60.0,6.6,5.3,374.57,0.55
3,34.6,22.0,0.0,4.0,78,56.0,9.6,2.3,470.01,0.47
3,32.8,21.0,0.0,3.0,88,72.0,7.8,4.1,412.74,0.46
3,33.6,20.0,0.0,3.0,79,42.0,7.1,4.8,390.48,0.44
3,34.0,20.2,0.0,5.0,79,42.0,9.2,2.7,457.28,0.54
3,33.0,20.6,0.0,5.0,90,50.0,9.2,2.7,457.28,0.61
3,33.2,21.0,0.0,3.0,90,42.0,8.8,3.1,444.56,0.82
3,35.0,19.0,0.0,3.0,79,42.0,9.2,2.7,457.28,0.82
3,31.6,19.8,0.0,2.0,78,56.0,5.2,6.7,330.03,0.89
3,32.6,19.8,0.0,4.0,90,42.0,9.2,2.7,457.28,0.97
3,33.6,20.8,0.0,4.0,90,56.0,8.4,3.5,431.83,0.88
3,32.6,20.6,0.0,4.0,91,50.0,8.6,3.3,438.2,0.81
3,34.6,20.8,0.0,4.0,91,28.0,8.9,3.0,447.74,0.75
3,36.0,23.0,0.0,5.0,80,30.0,9.5,2.4,466.83,0.67
3,37.0,23.0,0.0,5.0,90,45.0,8.4,3.5,431.83,0.59
3,35.6,22.0,0.0,5.0,80,36.0,10.3,1.6,492.28,0.5
3,35.6,22.8,0.0,4.0,90,43.0,9.1,2.8,454.1,0.44
3,35.8,21.2,0.0,2.0,90,37.0,8.7,3.2,441.38,0.39
4,38.8,20.8,0.0,3.0,78,19.0,8.9,3.7,465.08,0.37
4,37.6,20.0,0.0,3.0,82,49.0,9.1,3.5,471.55,0.4
4,33.8,20.4,0.0,3.0,86,50.0,7.2,5.4,410.09,0.43
4,36.8,23.6,0.0,3.0,91,59.0,7.6,5.0,423.03,0.48
4,33.0,23.0,13.3,2.0,90,52.0,2.6,10.0,261.3,0.5
4,34.0,20.8,3.0,2.0,90,31.0,7.7,4.9,426.26,0.66
4,35.6,24.0,0.0,3.0,91,40.0,9.2,3.4,474.78,0.74
4,31.0,24.0,0.0,1.0,90,50.0,2.2,10.4,248.36,0.82
4,34.8,22.6,0.0,2.0,87,43.0,6.8,5.8,397.15,0.83
4,35.0,23.0,0.0,3.0,91,52.0,8.7,3.9,458.61,0.81
4,32.2,21.6,0.0,4.0,91,56.0,9.2,3.4,474.78,0.59
4,35.0,21.8,0.0,3.0,90,59.0,7.7,4.9,426.26,0.6
4,36.6,20.0,0.0,5.0,90,50.0,8.8,3.8,461.85,0.53
4,35.0,25.6,0.0,4.0,91,46.0,8.6,4.0,455.38,0.52
4,34.8,23.6,0.0,4.0,91,53.0,8.5,4.1,452.14,0.52
4,34.6,24.0,0.0,4.0,90,53.0,8.6,4.0,455.38,0.53
4,35.0,26.6,0.0,4.0,91,59.0,7.9,4.7,432.73,0.54
4,32.8,22.8,0.0,5.0,91,59.0,8.9,3.7,465.08,0.58
4,28.0,24.0,0.0,5.0,90,58.0,8.7,3.9,458.61,0.76
4,32.0,22.8,6.2,3.0,92,61.0,5.2,7.4,345.4,0.95
4,32.2,22.6,0.2,2.0,90,60.0,0.2,12.4,183.67,1.02
4,32.2,22.8,13.3,3.0,91,50.0,6.4,6.2,384.21,1.01
4,32.4,22.6,6.0,2.0,90,75.0,5.5,7.1,355.1,0.98
4,29.0,21.0,55.0,3.0,90,75.0,5.1,7.5,342.16,0.98
4,28.8,21.2,32.0,3.0,90,75.0,6.3,6.3,380.98,0.99
4,28.6,20.8,10.0,2.0,90,83.0,4.7,7.9,329.23,1.01
4,29.6,21.8,0.0,3.0,90,92.0,5.6,7.0,358.34,0.99
4,29.0,22.6,28.0,2.0,90,75.0,4.0,8.6,306.58,0.85
4,28.2,22.0,0.0,2.0,90,83.0,5.0,7.6,338.93,0.75
4,30.2,23.6,0.0,2.0,91,66.0,6.2,6.4,377.75,0.74
5,29.6,24.0,16.0,3.0,90,67.0,5.6,7.6,369.07,0.66
5,31.6,23.8,15.0,3.2,90,66.0,7.5,5.7,430.91,0.63
5,29.0,23.0,0.0,2.0,91,83.0,6.2,7.0,388.6,0.61
5,32.6,23.6,10.0,2.0,91,66.0,7.2,6.0,421.15,0.71
5,31.4,24.8,0.0,3.0,91,74.0,9.1,4.1,482.99,0.74
5,30.0,21.2,4.0,2.0,90,68.0,5.1,8.1,352.8,0.87
5,32.6,22.0,7.0,3.0,90,60.0,9.2,4.0,486.25,1.04
5,35.0,21.0,0.0,4.0,0,68.0,9.5,3.7,496.01,1.14
5,35.0,21.4,0.0,4.0,91,60.0,9.5,3.7,496.01,1.1
5,35.0,24.8,0.0,4.0,91,84.0,8.8,4.4,473.23,1.05
5,34.6,24.0,0.0,3.0,81,67.0,8.7,4.5,469.97,1.02
5,35.4,24.8,0.0,3.0,91,66.0,8.4,4.8,460.21,0.98
5,35.0,24.6,0.0,4.0,91,68.0,8.7,4.5,469.97,0.81
5,35.6,26.0,0.0,4.0,91,69.0,8.7,4.5,469.97,0.72
5,34.6,26.6,0.0,4.0,91,61.0,8.9,4.3,476.48,0.7
5,35.2,26.8,0.0,4.0,92,69.0,9.4,3.8,492.76,0.67
5,36.2,27.6,0.0,5.0,92,0.0,9.3,3.9,489.5,0.69
5,36.6,25.8,0.0,4.0,91,68.0,8.6,4.6,466.72,0.72
5,28.4,27.6,43.0,2.0,92,76.0,2.4,10.8,264.92,0.8
5,27.6,25.6,17.0,2.0,91,82.0,1.4,11.8,232.37,1.56
5,28.4,25.4,2.0,2.0,91,83.0,3.6,9.6,303.97,2.25
5,32.8,25.0,0.0,3.0,91,76.0,5.6,7.6,369.07,1.69
5,34.6,25.0,0.0,4.0,92,67.0,9.0,4.2,479.74,1.58
5,32.4,27.0,0.0,5.0,91,67.0,9.6,3.6,499.27,1.58
5,32.2,27.4,0.0,4.0,87,92.0,7.3,5.9,424.4,1.65
5,32.6,27.2,0.0,4.0,91,74.0,8.4,4.8,460.21,1.64
5,33.0,27.8,117.0,2.0,82,80.0,0.0,13.2,186.8,1.61
5,26.6,27.0,0.2,2.0,80,76.0,5.6,7.6,369.07,1.39
5,32.2,22.8,12.0,3.0,91,76.0,6.7,6.5,404.87,1.21
5,31.8,24.4,5.0,2.0,91,75.0,4.1,9.1,320.25,1.11
5,32.6,24.6,2.0,3.0,91,76.0,7.8,5.4,440.68,1.09
6,34.0,24.6,24.0,3.0,90,68.0,5.3,8.2,360.04,1.04
6,35.0,24.8,9.0,3.0,91,76.0,9.2,4.3,485.75,1.03
6,32.8,24.2,0.0,4.0,91,76.0,8.1,5.4,450.3,1.31
6,29.0,25.2,27.0,2.0,92,91.0,1.4,12.1,234.33,1.46
6,32.6,24.6,0.0,3.0,91,84.0,7.5,6.0,430.96,1.65
6,32.2,25.8,7.0,2.0,92,84.0,4.4,9.1,331.03,1.75
6,32.8,26.2,0.2,3.0,91,66.0,5.4,8.1,363.26,1.72
6,33.0,26.8,0.0,3.0,92,76.0,5.5,8.0,366.49,1.65
6,35.0,26.6,0.0,5.0,91,68.0,8.7,4.8,469.64,1.61
6,31.6,27.6,4.0,2.0,92,76.0,2.6,10.9,273.01,1.52
6,29.0,26.8,3.0,2.0,91,74.0,0.2,13.3,195.65,1.47
6,28.0,26.4,35.0,1.0,91,92.0,0.0,13.5,189.2,1.43
6,28.0,26.4,26.0,1.0,91,91.0,0.0,13.5,189.2,1.41
6,31.6,26.2,2.0,2.0,91,83.0,4.5,9.0,334.25,1.38
6,31.6,26.0,20.0,1.0,91,83.0,2.7,10.8,276.23,1.37
6,29.8,25.8,57.0,1.0,91,83.0,1.3,12.2,231.1,1.37
6,27.8,25.6,45.2,1.0,91,96.0,0.0,13.5,189.2,1.46
6,26.6,26.0,14.3,1.0,90,96.0,0.0,13.5,189.2,1.55
6,29.4,25.4,14.5,2.0,91,75.0,0.5,13.0,205.32,1.52
6,31.8,26.0,0.0,4.0,91,83.0,7.7,5.8,437.4,1.61
6,29.6,26.2,0.2,2.0,91,83.0,3.4,10.1,298.8,1.71
6,32.0,26.0,4.3,2.0,96,83.0,6.3,7.2,392.27,1.73
6,31.8,26.0,2.0,2.0,91,91.0,3.8,9.7,311.69,1.71
6,33.0,26.0,0.0,4.0,92,75.0,7.1,6.4,418.06,1.72
6,34.8,27.4,0.0,5.0,92,67.0,9.2,4.3,485.75,1.65
6,33.0,27.6,0.0,2.0,92,75.0,5.5,8.0,366.49,1.52
6,32.4,27.6,6.0,2.0,91,76.0,1.7,11.8,244.0,1.45
6,30.0,25.6,10.0,1.0,91,83.0,0.0,13.5,189.2,1.44
6,30.6,25.0,12.0,1.0,91,83.0,1.7,11.8,244.0,1.42
6,32.6,25.2,2.0,2.0,91,75.0,6.7,6.8,405.17,1.5
7,34.0,26.0,16.0,3.0,92,75.0,6.8,6.6,406.56,1.62
7,34.4,27.0,0.0,5.0,91,76.0,8.2,5.2,451.64,1.68
7,33.2,27.0,0.0,5.0,92,76.0,8.9,4.5,474.18,1.89
7,31.6,27.6,4.0,3.0,92,83.0,3.8,9.6,309.96,1.96
7,28.0,26.8,30.0,1.0,91,82.0,0.0,13.4,187.6,2.0
7,28.0,26.0,25.0,1.0,91,91.0,1.8,11.6,245.56,2.06
7,31.8,26.0,0.2,2.0,96,83.0,5.9,7.5,377.58,2.11
7,31.4,26.2,3.0,1.0,91,83.0,3.8,9.6,309.96,2.04
7,32.8,27.0,0.0,2.0,92,84.0,4.4,9.0,329.28,1.86
7,31.6,27.4,0.0,1.0,91,92.0,1.2,12.2,226.24,1.72
7,30.4,27.6,28.0,1.0,92,92.0,0.0,13.4,187.6,1.63
7,31.2,25.2,20.0,1.0,91,92.0,1.3,12.1,229.46,1.57
7,29.2,25.8,5.0,1.0,91,91.0,0.0,13.4,187.6,1.54
7,31.6,26.0,0.0,2.0,91,83.0,6.0,7.4,380.8,1.52
7,31.6,26.0,2.0,3.0,91,83.0,7.2,6.2,419.44,1.69
7,31.6,26.0,5.0,3.0,92,75.0,7.1,6.3,416.22,1.73
7,34.6,26.8,6.0,3.0,91,76.0,8.0,5.4,445.2,1.79
7,32.2,27.0,10.0,2.0,91,76.0,4.5,8.9,332.5,1.84
7,29.6,26.8,26.0,1.0,92,83.0,2.4,11.0,264.88,1.86
7,29.8,26.4,38.0,1.0,92,83.0,0.0,13.4,187.6,1.94
7,29.2,26.0,17.0,1.0,91,83.0,1.3,12.1,229.46,1.99
7,30.0,25.0,9.0,1.0,91,84.0,1.3,12.1,229.46,2.02
7,29.6,25.2,5.0,1.0,91,82.0,2.4,11.0,264.88,2.1
7,30.8,25.8,3.0,2.0,91,92.0,5.1,8.3,351.82,2.06
7,32.2,25.6,3.0,3.0,91,83.0,7.8,5.6,438.76,2.04
7,34.0,26.0,0.0,3.0,91,76.0,7.6,5.8,432.32,1.88
7,34.0,26.8,3.0,3.0,92,69.0,7.9,5.5,441.98,1.81
7,32.8,26.8,20.0,2.0,91,76.0,2.8,10.6,277.76,1.8
7,31.8,26.0,0.0,2.0,91,61.0,2.4,11.0,264.88,1.78
7,33.6,25.8,6.0,3.0,91,81.55172413793103,7.1,6.3,416.22,1.83
7,32.6,26.0,11.0,2.0,91,81.55172413793103,5.2,8.2,355.04,1.87
8,33.6,26.6,0.0,3.0,92,69.0,7.6,5.2,433.86,1.89
8,32.8,27.4,0.0,2.0,92,69.0,2.8,10.0,275.67,1.91
8,35.2,27.8,71.0,3.0,92,61.0,7.2,5.6,420.67,1.94
8,29.2,26.6,44.0,1.0,91,91.0,0.7,12.1,206.47,1.94
8,34.2,25.2,20.0,1.0,91,92.0,2.8,10.0,275.67,2.23
8,28.6,26.0,25.0,1.0,91,82.0,0.2,12.6,189.99,2.36
8,32.2,26.4,0.2,2.0,91,83.0,5.1,7.7,351.47,2.27
8,35.8,26.8,3.0,2.0,91,69.0,4.8,8.0,341.58,2.21
8,31.8,27.0,5.0,2.0,92,72.0,7.8,5.0,440.45,2.11
8,32.0,26.8,2.0,5.0,91,69.0,9.8,3.0,506.36,2.12
8,29.0,27.0,3.0,2.0,92,83.0,1.7,11.1,239.42,2.08
8,31.2,27.2,4.0,3.0,92,83.0,4.9,7.9,344.88,1.92
8,31.8,26.8,6.0,4.0,91,76.0,9.3,3.5,489.88,1.86
8,31.4,26.6,6.0,4.0,96,75.0,9.5,3.3,496.47,1.9
8,28.8,26.4,31.0,1.0,91,91.0,2.5,10.3,265.79,2.04
8,30.2,26.0,30.0,2.0,91,81.0,6.6,6.2,400.9,2.13
8,28.4,26.0,52.0,1.0,96,91.0,0.0,12.8,183.4,2.2
8,30.6,25.2,17.0,1.0,91,80.0,1.4,11.4,229.54,2.21
8,28.4,25.8,37.0,1.0,91,80.0,3.7,9.1,305.33,2.24
8,28.2,25.6,44.0,1.0,91,80.0,0.0,12.8,183.4,2.64
8,27.0,25.2,31.0,1.0,91,91.0,0.8,12.0,209.76,2.52
8,26.0,25.8,57.0,1.0,91,80.0,0.0,12.8,183.4,2.43
8,29.0,25.2,10.0,1.0,91,83.0,1.1,11.7,219.65,2.32
8,27.8,25.0,4.0,4.0,96,83.0,9.4,3.4,493.17,2.09
8,30.2,25.6,5.0,2.0,91,74.0,0.8,12.0,209.76,2.07
8,28.2,25.4,9.0,1.0,91,91.0,2.9,9.9,278.97,2.17
8,31.6,25.8,2.0,2.0,91,83.0,5.6,7.2,367.95,2.03
8,32.0,26.4,0.0,2.0,91,83.0,6.9,5.9,410.79,1.93
8,32.6,26.0,0.0,4.0,91,76.0,8.7,4.1,470.11,1.95
8,34.4,26.2,0.0,4.0,91,69.0,8.2,4.6,453.63,1.89
8,32.6,27.4,2.0,2.0,92,76.0,4.2,8.6,321.81,1.64
9,29.6,26.0,0.0,1.0,91,83.0,2.4,9.8,236.17,1.67
9,31.0,25.8,2.0,2.0,91,83.0,6.5,5.7,361.85,1.72
9,32.6,26.0,0.0,4.0,91,76.0,8.7,3.5,429.29,1.73
9,34.2,26.0,0.0,5.0,91,69.0,9.4,2.8,450.75,1.73
9,34.6,26.6,0.0,3.0,92,62.0,7.8,4.4,401.7,1.7
9,34.6,26.8,0.0,3.0,91,69.0,8.8,3.4,432.36,1.73
9,33.6,26.8,0.0,2.0,82,76.0,6.0,6.2,346.52,1.61
9,35.2,26.6,0.0,2.0,91,77.79310344827586,8.5,3.7,423.16,1.57
9,35.0,27.2,10.0,2.0,92,67.0,6.2,6.0,352.66,1.53
9,33.2,26.8,0.0,1.0,91,76.0,3.6,8.6,272.95,1.5
9,33.2,26.2,0.0,1.0,91,83.0,1.2,11.0,199.38,1.51
9,32.4,26.4,0.0,2.0,91,76.0,5.2,7.0,322.0,1.51
9,32.6,26.2,0.0,2.0,92,76.0,5.4,6.8,328.13,1.51
9,32.2,26.6,0.0,2.0,92,75.0,4.3,7.9,294.41,1.49
9,31.6,26.8,0.0,3.0,92,59.0,6.4,5.8,358.79,1.58
9,32.2,27.0,0.0,2.0,91,61.0,7.8,4.4,401.7,1.84
9,32.8,26.4,0.0,3.0,91,68.0,8.2,4.0,413.96,1.89
9,33.8,26.6,0.0,2.0,92,75.0,8.5,3.7,423.16,1.98
9,33.8,26.8,55.0,2.0,91,75.0,8.5,3.7,423.16,2.06
9,35.0,26.0,11.0,2.0,91,69.0,8.4,3.8,420.09,2.13
9,28.6,26.2,66.0,1.0,91,83.0,0.2,12.0,168.73,2.24
9,33.6,26.0,40.0,1.0,91,92.0,0.0,12.2,162.6,2.21
9,26.6,25.8,85.0,1.0,95,96.0,0.0,12.2,162.6,2.04
9,28.0,25.0,16.0,1.0,91,96.0,0.0,12.2,162.6,1.94
9,28.6,25.4,28.0,1.0,91,92.0,1.0,11.2,193.25,1.72
9,29.6,25.2,8.0,2.0,95,92.0,2.8,9.4,248.43,1.66
9,31.6,25.8,2.0,2.0,91,84.0,4.5,7.7,300.54,1.65
9,32.0,25.6,0.0,3.0,91,84.0,7.5,4.7,392.51,1.68
9,33.0,25.8,0.0,1.0,91,76.0,4.2,8.0,291.35,1.71
9,32.2,25.0,0.0,1.0,91,83.0,3.1,9.1,257.63,1.77
10,31.6,26.0,8.0,2.0,91,68.0,7.6,4.0,368.01,1.42
10,31.8,26.4,7.0,1.0,92,76.0,4.9,6.7,289.42,1.46
10,32.0,25.4,0.0,2.0,91,76.0,7.2,4.4,356.37,1.43
10,31.0,25.8,2.0,1.0,91,75.0,3.9,7.7,260.32,1.42
10,30.0,26.0,1.0,1.0,91,76.0,3.1,8.5,237.03,1.43
10,28.0,25.2,2.0,1.0,91,91.0,0.0,11.6,146.8,1.44
10,32.2,25.4,9.0,2.0,96,84.0,5.2,6.4,298.16,1.42
10,32.4,25.6,0.0,2.0,90,83.0,6.2,5.4,327.26,1.38
10,38.4,26.0,0.0,3.0,90,76.0,7.5,4.1,365.1,1.37
10,34.4,25.8,0.0,3.0,92,76.0,6.7,4.9,341.82,1.37
10,35.0,26.0,0.0,4.0,91,63.0,7.1,4.5,353.46,1.35
10,34.8,26.2,0.0,4.0,91,77.0,7.2,4.4,356.37,1.33
10,35.2,26.6,0.0,4.0,91,62.0,7.9,3.7,376.74,1.33
10,34.8,26.0,3.0,3.0,91,76.0,6.5,5.1,335.99,1.41
10,34.4,25.8,0.0,3.0,91,76.0,6.4,5.2,333.08,1.46
10,34.6,26.4,0.0,3.0,92,84.0,7.8,3.8,373.83,1.46
10,34.0,26.6,5.0,2.0,92,68.0,6.7,4.9,341.82,1.51
10,31.6,26.8,1.0,1.0,91,74.0,2.2,9.4,210.84,1.48
10,33.4,26.0,0.0,2.0,91,68.0,6.2,5.4,327.26,1.44
10,31.6,26.2,1.0,1.0,91,83.0,2.1,9.5,207.92,1.44
10,29.0,26.0,51.0,1.0,91,83.0,0.5,11.1,161.35,1.45
10,26.4,24.6,145.2,0.0,91,91.0,0.0,11.6,146.8,1.43
10,25.8,23.4,138.1,1.0,91,90.0,0.0,11.6,146.8,1.48
10,25.6,24.2,4.0,1.0,91,96.0,1.0,10.6,175.91,1.49
10,29.6,23.0,0.0,2.0,90,76.0,6.9,4.7,347.64,1.52
10,31.6,23.2,0.0,2.0,90,83.0,6.8,4.8,344.73,1.48
10,30.4,23.8,0.0,1.0,90,75.0,5.1,6.5,295.25,1.44
10,31.8,23.6,0.0,2.0,90,75.0,6.6,5.0,338.91,1.39
10,32.8,23.8,0.0,1.0,90,67.0,6.8,4.8,344.73,1.59
10,33.8,23.8,8.0,2.0,91,67.0,7.3,4.3,359.28,1.38
10,30.0,24.4,0.0,1.0,91,75.0,5.1,6.5,295.25,1.41
11,27.6,24.2,0.0,1.0,90,82.0,1.0,10.0,150.17,1.59
11,29.0,24.8,0.0,1.0,91,76.0,3.1,7.9,204.7,1.64
11,30.6,24.0,0.0,1.0,91,68.0,5.4,5.6,264.43,1.65
11,28.6,24.8,0.0,1.0,90,65.0,4.8,6.2,248.85,1.64
11,28.4,20.8,0.0,1.0,90,54.0,1.0,10.0,150.17,1.54
11,28.4,19.0,0.0,2.0,89,44.0,6.2,4.8,285.21,1.47
11,28.6,17.8,0.0,2.0,88,54.0,7.5,3.5,318.97,1.26
11,31.8,17.4,0.0,2.0,88,58.0,7.6,3.4,321.57,1.16
11,32.0,22.0,0.0,2.0,90,58.0,7.6,3.4,321.57,1.15
11,32.2,25.0,0.0,2.0,90,60.0,7.3,3.7,313.77,1.13
11,31.0,21.2,0.0,3.0,90,48.0,7.7,3.3,324.16,1.06
11,30.2,20.0,0.0,2.0,90,50.0,6.8,4.2,300.79,1.26
11,32.2,23.0,0.0,1.0,90,58.0,6.7,4.3,298.19,1.25
11,31.0,20.0,0.0,2.0,89,58.0,6.8,4.2,300.79,1.37
11,30.8,19.8,0.0,1.0,89,49.0,7.6,3.4,321.57,1.42
11,29.2,19.0,0.0,1.0,89,57.0,7.2,3.8,311.18,1.43
11,32.0,19.4,0.0,2.0,78,65.0,7.0,4.0,305.98,1.34
11,29.2,19.0,0.0,1.0,89,56.0,6.3,4.7,287.81,1.19
11,29.2,19.4,0.0,1.0,90,57.0,4.1,6.9,230.67,1.11
11,31.0,20.2,0.0,1.0,90,66.0,3.8,7.2,222.88,1.03
11,32.0,20.8,0.0,1.0,90,81.0,0.4,10.6,134.59,0.91
11,25.8,20.0,0.0,2.0,88,53.0,6.6,4.4,295.6,0.88
11,25.2,16.4,0.0,1.0,88,51.0,6.7,4.3,298.19,0.85
11,19.4,13.8,0.0,1.0,87,60.0,4.3,6.7,235.87,0.73
11,25.8,14.0,0.0,1.0,87,71.0,4.5,6.5,241.06,0.77
11,26.0,14.6,0.0,1.0,87,44.0,4.2,6.8,233.27,0.79
11,28.6,15.0,0.0,2.0,88,44.0,7.0,4.0,305.98,0.81
11,28.8,15.8,0.0,2.0,89,56.0,7.1,3.9,308.58,0.88
11,26.0,16.2,0.0,2.0,88,64.0,7.2,3.8,311.18,0.9
11,29.0,16.0,0.0,2.0,88,56.0,7.4,3.6,316.37,0.93
12,30.0,13.900000000000002,0.0,2.0,88,53.0,7.0,3.7,284.03,0.94
12,28.0,15.0,0.0,1.0,75,56.0,6.8,3.9,279.15,0.94
12,27.6,15.4,0.0,1.0,88,54.0,6.6,4.1,274.28,0.95
12,27.4,15.8,0.0,1.0,88,54.0,5.9,4.8,257.22,0.95
12,27.4,16.0,0.0,1.0,88,53.0,5.4,5.3,245.03,0.9
12,26.8,16.0,0.0,1.0,88,56.0,5.6,5.1,249.9,0.87
12,27.0,16.2,0.0,1.0,88,72.0,5.1,5.6,237.72,0.83
12,25.8,16.4,0.0,1.0,88,72.0,4.9,5.8,232.84,0.79
12,23.2,16.6,0.0,1.0,89,74.0,4.1,6.6,213.34,0.76
12,22.4,16.8,0.0,1.0,88,60.0,2.8,7.9,181.65,0.79
12,20.6,17.0,0.0,1.0,88,90.0,2.1,8.6,164.59,0.8
12,22.2,14.0,0.0,1.0,87,69.0,2.3,8.4,169.46,0.82
12,25.2,15.2,0.0,2.0,87,71.0,5.8,4.9,254.78,0.85
12,25.6,14.6,0.0,1.0,75,62.0,5.2,5.5,240.15,0.84
12,25.6,15.2,0.0,2.0,88,63.0,5.9,4.8,257.22,0.84
12,25.8,15.4,0.0,2.0,88,51.0,5.9,4.8,257.22,0.85
12,25.8,15.0,0.0,2.0,87,51.0,6.8,3.9,279.15,0.83
12,23.4,15.2,0.0,1.0,87,48.0,6.1,4.6,262.09,0.77
12,22.0,15.2,0.0,2.0,85,34.0,6.9,3.8,281.59,0.7
12,22.2,15.0,0.0,1.0,85,46.0,6.3,4.4,266.97,0.61
12,23.2,10.0,0.0,1.0,86,59.0,5.9,4.8,257.22,0.53
12,24.0,10.8,0.0,2.0,86,59.0,6.3,4.4,266.97,0.49
12,24.1,10.8,0.0,1.0,86,60.0,6.2,4.5,264.53,0.44
12,25.0,11.2,0.0,2.0,87,60.0,6.6,4.1,274.28,0.39
12,25.6,12.8,0.0,2.0,88,60.0,6.2,4.5,264.53,0.44
12,24.0,12.0,0.0,2.0,86,59.0,6.6,4.1,274.28,0.49
12,22.2,11.6,0.0,2.0,86,48.0,6.7,4.0,276.72,0.56
12,23.0,10.0,0.0,1.0,85,48.0,6.2,4.5,264.53,0.61
12,23.8,10.0,0.0,1.0,85,59.0,5.9,4.8,257.22,0.67
12,25.0,10.8,0.0,2.0,86,48.0,6.9,3.8,281.59,0.74
12,24.0,11.0,0.0,1.0,70,59.0,5.8,4.9,254.78,0.77
