Station,Year,Month,Day,Max Temp. (degree Celcius),Min Temp. (degree Celcius),Rainfall (mm),Actual Evaporation (mm),"Relative Humidity (morning, %)","Relative Humidity (afternoon, %)",Sunshine (hour/day),Cloudy (hour/day),Solar Radiation (cal/cm^2/day)
Rangpur,2017,7,1,33.5,25.3,49,2,95,96,0,13.5,188.6
,2017,7,2,27.5,25.2,37.6,3,91,84,6,7.5,381.39
,2017,7,3,30.6,26.8,0,3,83,80,2.3,11.2,262.5
,2017,7,4,30.8,26.2,32.3,3,96,87,0,13.5,188.6
,2017,7,5,28.8,26.4,0,3,87,80,3.3,10.2,294.63
,2017,7,6,30.5,26.3,0,2,91,84,1.3,12.2,230.37
,2017,7,7,31.3,27.2,0,6,87,74,3.3,10.2,294.63
,2017,7,8,32.6,27.2,0,2,91,84,3,10.5,284.99
,2017,7,9,33.3,25.5,32,2,96,80,1,12.5,220.73
,2017,7,10,29.5,25.3,8,2,96,84,0,13.5,188.6
,2017,7,11,30.3,25.4,20,2,95,87,3,10.5,284.99
,2017,7,12,26.5,24.4,3,2,91,83,2,11.5,252.86
,2017,7,13,29.5,25.3,7,6,80,77,9,4.5,477.78
,2017,7,14,30.6,26.4,0,6,80,81,7.3,6.2,423.16
,2017,7,15,31.3,27.4,0,5,80,71,9,4.5,477.78
,2017,7,16,33.5,28.3,0,3,80,74,6,7.5,381.39
,2017,7,17,34.3,27.5,6,8,77,77,9,4.5,477.78
,2017,7,18,34.5,28.3,0,9,77,78,5,8.5,349.25
,2017,7,19,35.8,26.8,2,3,87,84,2.3,11.2,262.5
,2017,7,20,30.2,25.8,2,3,87,88,4.3,9.2,326.76
,2017,7,21,30.3,26.2,0,2,83.4,76,2,11.5,252.86
,2017,7,22,30.2,26.4,0,5,91,71,7.3,6.2,423.16
,2017,7,23,33.5,27.4,0,3,76,69,4,9.5,317.12
,2017,7,24,31.3,25.2,10,3,87,72,2.3,11.2,262.5
,2017,7,25,29.2,24.5,13.3,3,91,95,0,13.5,188.6
,2017,7,26,26.3,24.5,15.4,2,95,83,2.3,11.2,262.5
,2017,7,27,27.8,25.4,8.5,4,87,67,8.3,5.2,455.29
,2017,7,28,32.5,27.4,0,2,87,74,6.3,7.2,391.03
,2017,7,29,30.5,26.4,18,3,83,80,1,12.5,220.73
,2017,7,30,29.6,25.5,0,3,95,72,6,7.5,381.39
,2017,7,31,31.5,27.3,0,2,83,67,7,6.5,413.52
,2018,1,1,25.3,11.8,0,2,82,82,6.3,4.4,267.90
,2018,1,2,26.3,13.2,0,3,94,94,6,4.7,260.57
,2018,1,3,23.5,10.4,0,2,86,86,5.3,5.4,243.44
,2018,1,4,19.8,9.2,0,2,93,93,5,5.7,236.10
,2018,1,5,20.2,10.9,0,1,93,93,4.3,6.4,218.98
,2018,1,6,21.2,9.8,0,2,92,92,2,8.7,162.72
,2018,1,7,13.2,6.8,0,1,92,92,0,10.7,113.80
,2018,1,8,10.5,3.2,0,1,92,92,5.3,5.4,243.44
,2018,1,9,20.3,6.8,0,2,93,93,6,4.7,260.57
,2018,1,10,21.5,9.8,0,2,92,92,3.3,6.4,220.20
,2018,1,11,26.3,13.2,0,3,94,94,6,4.7,260.57
,2018,1,12,23.5,10.4,0,2,86,86,5.3,5.4,243.44
,2018,1,13,19.8,9.2,0,2,93,93,5,5.7,236.10
,2018,1,14,20.2,10.9,0,1,93,93,4.3,6.4,218.98
,2018,1,15,21.2,9.8,0,2,92,92,2,8.7,162.72
,2018,1,16,13.2,6.8,0,1,92,92,0,10.7,113.80
,2018,1,17,10.5,3.2,0,1,92,92,5.3,5.4,243.44
,2018,1,18,20.3,6.8,0,2,93,93,6,4.7,260.57
,2018,1,19,21.5,9.8,0,2,92,92,3.3,7.4,194.52
,2018,1,20,21.2,9.2,0,1,93,93,5,5.7,190.12
,2018,1,21,22.3,9.2,0,1,93,93,4,6.7,211.64
,2018,1,22,21.5,10.8,0,1,93,93,5,5.7,236.10
,2018,1,23,23.5,10.4,0,1,94,94,6.3,4.4,267.90
,2018,1,24,23.8,9.4,0,1,94,94,6,4.7,260.55
,2018,1,25,24.8,10.2,0,2,94,94,6.3,4.4,267.90
,2018,1,26,23.8,11.5,0,2,93,93,6.3,4.4,267.90
,2018,1,27,22.5,11.4,0,2,86,86,4,6.7,211.64
,2018,1,28,18.8,8.2,0,1,93,93,5.3,5.4,243.44
,2018,1,29,20.5,8.2,0,1,93,93,6,4.7,260.55
,2018,1,30,21.3,8.3,0,1,93,93,4.3,6.4,218.98
,2018,1,31,20.6,9.4,0,1,94,94,5,5.7,236.10
,2018,2,1,21.6,10.2,0,1,94,58,5,6.2,275.64
,2018,2,2,22.9,11.9,0,1,93,64,1.3,9.9,172.30
,2018,2,3,23.3,11.4,0,1,94,60,1.3,9.9,172.30
,2018,2,4,24.3,13.2,0,1,94,68,3.3,7.9,228.16
,2018,2,5,24.2,13.4,0,1,94,49,4.3,6.9,256.09
,2018,2,6,25.2,12.8,0,1,94,56,4.3,6.9,256.09
,2018,2,7,24.2,12.3,0,2,82,48,6.3,4.9,311.95
,2018,2,8,23.5,14.4,0,3,88,48,7,4.2,331.50
,2018,2,9,24.5,11.8,0,2,61,38,7,4.2,331.50
,2018,2,10,25.3,11.2,0,2,71,53,2,9.2,252.74
,2018,2,11,22.3,9.3,0,2,94,56,5,6.2,275.64
,2018,2,12,23.5,11.5,0,2,77,54,7,4.2,331.50
,2018,2,13,25.5,13.8,0,2,94,54,4,7.2,247.71
,2018,2,14,26.3,16.4,0,2,83,48,4.3,6.9,256.09
,2018,2,15,25.4,13.2,0,2,77,57,7.3,3.9,339.87
,2018,2,16,24.2,12.5,0,2,79,49,6,5.2,303.57
,2018,2,17,25.5,13.5,0,3,83,48,7,4.2,331.50
,2018,2,18,26.2,13.8,0,3,83,48,7,4.2,331.50
,2018,2,19,26.3,13.2,0,2,83,50,6.3,4.9,311.95
,2018,2,20,27.2,13.8,0,3,83,48,8,3.2,308.88
,2018,2,21,27.2,13.5,0,3,79,36,7.3,3.9,339.87
,2018,2,22,27.6,13.3,0,3,79,41,6,5.2,303.57
,2018,2,23,27.5,14.2,0,2,89,55,5.3,5.9,284.02
,2018,2,24,27.5,14.6,0,2,79,66,6,5.2,303.57
,2018,2,25,25.8,16.8,0,2,79,60,5.3,5.9,284.02
,2018,2,26,27.8,19.2,0,2,69,69,3.3,7.9,228.16
,2018,2,27,24.8,12.5,0,2,89,64,5,6.2,275.64
,2018,2,28,24.2,15.2,0,2,89,56,6.3,4.9,311.95
,2018,3,1,27.2,16.4,0,4,85,53,6,5.8,351.89
,2018,3,2,27.5,17.8,0,2,85,57,6,5.8,351.89
,2018,3,3,29.5,17.8,0,3,90,47,7,4.8,383.50
,2018,3,4,30.2,19.2,0,3,89,51,7,4.8,383.50
,2018,3,5,29.9,19.2,0,3,90,64,4.3,7.5,298.14
,2018,3,6,27.5,17.5,0,3,75,52,9,2.8,446.73
,2018,3,7,30.1,15.3,0,4,57,43,8.3,3.5,424.60
,2018,3,8,29.2,15.2,0,4,66,47,8,3.8,415.12
,2018,3,9,29.3,16.5,0,3,76,44,7.3,4.5,392.99
,2018,3,10,29.8,16.8,0,3,75,41,8,3.8,415.12
,2018,3,11,29.5,16.5,0,4,53,47,8,3.8,415.12
,2018,3,12,30.2,17.4,0,3,71,49,6,5.8,351.89
,2018,3,13,28.2,19.2,0,3,74,59,5.3,6.5,329.76
,2018,3,14,26.5,16.5,0,3,80,64,5,6.8,320.27
,2018,3,15,28.2,19.2,0,3,85,62,5.3,6.5,329.76
,2018,3,16,30.2,21.2,0,4,95,44,8,3.8,415.12
,2018,3,17,31.2,17.2,0,3,53,50,0,11.8,162.20
,2018,3,18,27.2,15.2,0,4,64,31,8.3,3.5,424.60
,2018,3,19,30.2,15.2,0,4,75,44,7,4.8,383.50
,2018,3,20,30.2,16.5,0,3,80,49,7,5.8,383.50
,2018,3,21,30.5,18.8,0,4,80,55,6.3,5.5,361.37
,2018,3,22,30.7,19.5,0,3,78,62,7,4.8,383.50
,2018,3,23,30.5,20.8,0,2,77,63,7,4.8,383.50
,2018,3,24,31.4,21.2,0,4,90,51,6.3,5.5,361.37
,2018,3,25,30.9,20.2,0,2,82,53,8,3.8,415.12
,2018,3,26,31.2,20.3,0,2,81,58,7.3,4.5,392.99
,2018,3,27,32.2,20.2,0,4,81,64,5,6.8,320.27
,2018,3,28,27.4,19.8,0,4,85,68,5.3,6.5,329.76
,2018,3,29,29.2,22.2,0,4,81,72,3,8.8,257.04
,2018,3,30,28.5,19.8,2,2,90,79,2,9.8,225.43
,2018,3,31,22.2,17.8,155,4,79,63,6.3,5.5,361.37
,2018,4,1,26.2,19.8,19.8,4,72,62,7,5.5,402.23
,2018,4,2,31.2,20.5,20.5,3,72,56,4,8.5,305.18
,2018,4,3,30.5,20.2,20.2,3,78,59,7.3,5.2,411.93
,2018,4,4,32.2,20.5,20.5,3,82,56,8,4.5,434.57
,2018,4,5,31.3,22.8,22.8,4,79,66,7,5.5,402.23
,2018,4,6,30.5,20.1,20.1,3,78,64,8,4.5,434.57
,2018,4,7,27.2,20.8,20.8,4,78,55,7,5.5,402.23
,2018,4,8,30.6,23.6,23.6,2,70,82,3,9.5,272.84
,2018,4,9,29.9,19.9,19.9,3,82,72,7,5.5,402.23
,2018,4,10,30.5,20.5,20.5,2,90,67,5.3,7.2,347.24
,2018,4,11,28.5,19.2,19.2,4,95,70,6,6.5,369.88
,2018,4,12,27.8,18.5,18.5,3,94,64,7.3,5.2,411.93
,2018,4,13,29.2,19.1,19.1,4,82,64,8.3,4.2,444.28
,2018,4,14,30.2,19.8,19.8,4,87,46,7,5.5,402.23
,2018,4,15,33.2,22.2,22.2,3,82,68,8,4.5,434.57
,2018,4,16,29.8,22.2,22.2,4,82,65,7,5.5,402.23
,2018,4,17,30.5,22.5,22.5,2,86,74,4,8.5,305.18
,2018,4,18,27.2,19.4,19.4,4,86,65,7,5.5,402.23
,2018,4,19,30.2,21.8,21.8,2,90,83,2.3,10.2,250.19
,2018,4,20,26.5,22.8,22.8,3,90,82,0,12.5,359.85
,2018,4,21,25.5,22.5,22.5,3,90,79,3.3,9.2,282.54
,2018,4,22,30.4,22.2,22.2,3,90,79,4.3,8.2,314.89
,2018,4,23,29.5,22.8,22.8,3,91,72,7,5.5,402.23
,2018,4,24,30.2,23.9,23.9,2,82,69,7.3,5.2,411.93
,2018,4,25,31.2,22.5,22.5,2,78,80,3.3,9.2,282.54
,2018,4,26,27.2,19.2,19.2,1,85,90,0,12.5,175.80
,2018,4,27,23.5,19.8,19.8,1,86,90,3,9.5,272.84
,2018,4,28,27.5,20.8,20.8,1,82,59,6,6.5,369.88
,2018,4,29,30.5,22.8,22.8,2,95,91,2,10.5,240.49
,2018,4,30,25.2,21.2,21.2,2,95,82,0,12.5,175.80
,2018,5,1,24.2,18.8,12.8,3,90,75,6,6,382.25
,2018,5,2,27.2,20.5,0,3,90,70,2.3,2.3,262.21
,2018,5,3,26.2,20.4,0,2,86,63,7,7,414.69
,2018,5,4,30.8,19.8,81,2,95,74,5,5,349.81
,2018,5,5,26.4,20.2,0,4,82,72,3.3,3.3,294.65
,2018,5,6,28.2,23.5,0,2,91,76,2.3,2.3,262.21
,2018,5,7,29.8,22.8,8,2,95,83,0,0,187.60
,2018,5,8,26.2,13.2,1,2,90,78,1,1,220.04
,2018,5,9,27.5,20.2,9.1,4,95,67,5,5,349.81
,2018,5,10,29.2,20.2,0,,86,67,3,3,284.92
,2018,5,11,27.2,19.7,31,6,90,70,4,4,317.36
,2018,5,12,27.2,22.3,0,6,79,80,8,8,447.13
,2018,5,13,30.2,23.2,0,5,74,60,7,7,414.69
,2018,5,14,31.2,23.2,0,3,95,64,6,6,382.25
,2018,5,15,29.8,22.2,0,2,76,90,7,7,414.69
,2018,5,16,29.5,20.5,12,4,90,71,4,4,317.36
,2018,5,17,27.2,21.8,0,3,74,63,8.3,8.3,349.81
,2018,5,18,30.6,23.2,0,7,76,63,8.3,8.3,349.81
,2018,5,19,32.4,24.5,0,6,76,63,6.3,6.3,391.98
,2018,5,20,31.5,24.8,0,6,83,63,9,9,479.57
,2018,5,21,32.6,25.2,0,6,79,64,7.3,7.3,424.42
,2018,5,22,34.5,24.3,0,6,83,73,7,7,414.69
,2018,5,23,31.4,25.8,0,4,87,72,4,4,317.36
,2018,5,24,30.8,25.3,0,2,87,70,3.3,3.3,294.65
,2018,5,25,31.5,21.9,11.4,2,95,79,1,1,220.04
,2018,5,26,30.2,22.8,10.5,2,95,83,1,1,220.04
,2018,5,27,29.2,24.3,1,2,95,83,2,2,252.48
,2018,5,28,30.2,20.2,79,3,82,76,3,3,284.92
,2018,5,29,30.5,22.2,18,5,74,63,7.3,7.3,424.42
,2018,5,30,30.8,24.8,0,5,79,60,7,7,391.98
,2018,5,31,33.5,25.2,0,3,91,63,3.3,3.3,294.65
,2018,6,1,29.5,24.4,12,2,95,69,5,8.6,351.76
,2018,6,2,27.8,24.2,7.2,2,83,67,6,7.6,384.00
,2018,6,3,31.4,25.2,0,4,91,69,5,8.6,351.76
,2018,6,4,31.2,25.8,5.3,6,83,58,6.3,7.3,393.67
,2018,6,5,33.2,25.2,0,5,83,62,6,7.6,384.00
,2018,6,6,34.5,27.2,0,4,84,83,5.3,8.3,361.43
,2018,6,7,32.2,22.5,0,2,84,74,0.3,13.3,200.27
,2018,6,8,30.5,24.8,30,2,96,80,3,10.6,287.30
,2018,6,9,31.2,26.2,0,4,77,65,9,4.6,474.44
,2018,6,10,34.2,28.2,0,3,77,68,4,9.6,319.53
,2018,6,11,34.5,25.4,16,5,87,73,6,7.6,384.00
,2018,6,12,32.3,28.2,0,2,83,70,3,10.6,287.30
,2018,6,13,30.5,25.8,6.5,3,91,73,3,10.6,287.30
,2018,6,14,31.2,24.5,11,2,83,74,5,8.6,351.76
,2018,6,15,32.5,23.2,36.5,4,87,77,4.3,9.3,329.20
,2018,6,16,31.2,22.5,7.6,2,86,83,0,13.6,190.60
,2018,6,17,30.5,22.5,20.5,4,90,79,0.3,13.3,200.27
,2018,6,18,28.5,22.8,4.2,3,83,76,1.3,12.3,232.50
,2018,6,19,29.8,23.2,12.4,4,95,69,5,8.6,351.76
,2018,6,20,30.3,25.2,0,5,79,73,2.3,11.3,264.73
,2018,6,21,31.3,27.2,0,2,83,67,6.3,7.3,393.67
,2018,6,22,34.4,21.8,0,4,83,80,1.3,12.3,232.50
,2018,6,23,32.3,27.5,0,4,83,74,2,11.6,255.06
,2018,6,24,33.3,25.2,0,3,95,87,1,12.6,222.83
,2018,6,25,29.5,24.8,79,2,79,77,1.3,12.3,232.50
,2018,6,26,31.4,25.2,60.4,3,95,87,3.3,10.3,296.97
,2018,6,27,30.5,24.8,0,3,76,67,6.3,7.3,393.67
,2018,6,28,31.2,25.4,12,2,76,79,6.3,7.3,393.67
,2018,6,29,30.5,21.5,0,5,87,72,4,9.6,319.53
,2018,6,30,31.8,27.4,0,6,91,67,5,8.6,351.76
,2018,7,1,33.2,28.2,0,3,87,91,0,13.5,188.60
,2018,7,2,27.2,24.8,48.5,2,95,77,1.3,12.2,230.37
,2018,7,3,31.2,25.4,11,2,91,91,0,13.5,188.60
,2018,7,4,27.5,25.8,12,3,87,76,0,13.5,188.60
,2018,7,5,30.5,26.2,0,2,87,70,3,10.5,284.99
,2018,7,6,31.2,27.5,0,6,91,77,4.3,9.2,326.76
,2018,7,7,33.2,27.8,0,5,87,67,8.3,5.2,455.29
,2018,7,8,33.2,28.2,0,7,80,70,7.3,6.2,423.16
,2018,7,9,32.2,27.5,0,7,87,70,7.3,6.2,423.16
,2018,7,10,32.2,27.3,0,7,79,70,8,5.5,445.65
,2018,7,11,32.4,28.2,0,5,87,67,8,5.5,445.65
,2018,7,12,33.2,28.2,0,5,76,74,6,7.5,381.39
,2018,7,13,30.8,28.5,0,6,87,73,6,7.5,381.39
,2018,7,14,31.4,27.4,0,7,73,67,6.3,7.2,391.03
,2018,7,15,33.2,28.5,0,5,76,74,7,6.5,413.52
,2018,7,16,33.2,27.2,0,6,76,69,6,7.5,381.39
,2018,7,17,31.8,28.2,0,7,79,73,5.3,8.2,358.89
,2018,7,18,31.2,27.5,0,4,79,67,7,6.5,413.52
,2018,7,19,33.2,29.5,0,5,77,62,6.3,7.2,391.03
,2018,7,20,35.4,31.8,0,4,74,57,6.3,7.2,391.03
,2018,7,21,36.8,26.3,0,5,83,67,6.3,7.2,391.03
,2018,7,22,32.2,25.6,0,3,91,79,5,8.5,349.25
,2018,7,23,30.8,26.4,0,3,79,83,2.3,11.2,262.50
,2018,7,24,30.5,26.5,0,2,91,91,0,13.5,188.60
,2018,7,25,29.2,25.8,14.3,2,87,93,2,11.5,252.86
,2018,7,26,30.2,26.2,8,4,83,73,7.3,6.2,423.16
,2018,7,27,30.5,26.5,0,5,83,73,6,7.5,381.39
,2018,7,28,31.2,25.5,1,2,91,79,1.3,12.2,230.37
,2018,7,29,30.2,25.4,23,2,87,91,1.3,12.2,230.37
,2018,7,30,30.2,26.2,7,2,91,80,1,12.5,220.73
,2018,7,31,30.2,26.2,30,2,91,87,1,12.5,220.73
,2018,8,1,29.8,26.2,22,2,83,67,6,6.9,380.42
,2018,8,2,31.2,25.4,13.0,2,95,95,1,11.9,216.57
,2018,8,3,28.3,25.2,91,3,87,76,7.3,5.6,423.02
,2018,8,4,30.3,26.4,0,5,87,77,7.3,5.6,423.02
,2018,8,5,31.2,26.8,0,5,79,71,6.3,6.6,390.25
,2018,8,6,32.8,27.2,0,4,87,74,6.3,6.6,390.25
,2018,8,7,32.5,27.5,0,6,83,70,9,3.9,478.73
,2018,8,8,32.3,27.4,0,5,76,69,9.3,3.6,488.56
,2018,8,9,30.5,28.2,0,4,79,63,7,5.9,413.19
,2018,8,10,32.5,28.8,0,5,84,74,7,5.9,413.19
,2018,8,11,32.2,27.5,0,3,80,91,1,11.9,216.57
,2018,8,12,32.3,26.2,15.5,3,96,88,1,11.9,216.57
,2018,8,13,32.3,27.2,16.5,5,91,70,5,7.9,347.65
,2018,8,14,32.5,27.5,0,4,83,70,6,6.9,380.42
,2018,8,15,33.2,27.8,0,2,83,73,2,10.9,249.34
,2018,8,16,32.2,25.8,1.5,2,95,80,2,10.9,249.34
,2018,8,17,30.5,27.2,0,4,77,67,8.3,4.6,455.79
,2018,8,18,33.5,29.2,0,4,77,65,9.3,3.6,488.56
,2018,8,19,34.5,29.5,0,5,74,65,4.3,8.6,324.71
,2018,8,20,34.2,27.2,2.8,2,91,84,3,9.9,282.11
,2018,8,21,30.8,26.2,36.2,6,83,74,6.3,6.6,390.25
,2018,8,22,31.2,27.2,0,7,83,74,7,5.9,413.19
,2018,8,23,31.8,27.6,0,2,84,77,6,6.9,380.42
,2018,8,24,31.9,24.6,15,2,95,83,2,10.9,249.34
,2018,8,25,28.2,25.8,0,2,84,70,8.3,4.6,455.79
,2018,8,26,31.5,25.8,27.9,3,91,77,7,5.9,413.19
,2018,8,27,31.2,27.4,0,6,83,73,7,5.9,413.19
,2018,8,28,31.5,27.2,0,3,87,73,7,5.9,413.19
,2018,8,29,31.2,27.2,0,3,91,74,6,6.9,380.42
,2018,8,30,31.2,27.2,0,4,87,74,7,5.9,413.19
,2018,8,31,32.2,27.5,0,4,83,77,7,5.9,413.19
,2018,9,1,32.5,25.4,0,4,83,77,6,6.2,341.40
,2018,9,2,32.2,26.3,1.8,5,87,77,6,6.2,341.40
,2018,9,3,31.2,26.2,0,2,87,77,2.3,9.9,229.66
,2018,9,4,31.2,26.2,0,4,91,77,6,6.2,341.40
,2018,9,5,32.2,26.2,0,3,84,77,6.3,5.9,350.47
,2018,9,6,32.5,27.3,0,3,84,73,9,3.2,432.01
,2018,9,7,30.5,25.8,0,6,79,73,8,4.2,401.81
,2018,9,8,31.2,25.5,0,4,83,84,4.3,7.9,290.06
,2018,9,9,30.5,26.2,4,2,91,77,2.3,9.9,229.66
,2018,9,10,30.5,27.2,0,2,87,91,0,12.2,160.20
,2018,9,11,27.5,24.2,10,2,95,84,2,10.2,220.60
,2018,9,12,30.3,25.2,11,2,96,91,0,12.2,160.20
,2018,9,13,29.2,24.4,40,2,95,91,0,12.2,160.20
,2018,9,14,27.5,24.2,106,3,95,80,1.3,10.9,199.46
,2018,9,15,29.2,24.8,3,2,95,80,6,6.2,341.40
,2018,9,16,29.8,25.2,0,4,83,67,8.3,3.9,410.87
,2018,9,17,33.5,27.2,0,4,79,61,8.3,3.9,410.87
,2018,9,18,33.8,27.3,0,5,76,65,6.3,5.9,350.47
,2018,9,19,34.2,26.8,0,2,79,71,6.3,5.9,350.47
,2018,9,20,33.5,24.4,24,4,95,83,2.3,9.9,229.66
,2018,9,21,29.2,24.2,0,2,79,66,8,4.2,401.81
,2018,9,22,30.5,25.4,4,4,79,69,9,3.2,432.01
,2018,9,23,31.5,25.5,0,5,83,70,8.3,3.9,410.87
,2018,9,24,31.5,25.5,0,3,83,67,3.3,8.9,259.86
,2018,9,25,32.2,26.2,0,3,87,74,0,12.2,160.20
,2018,9,26,32.3,26.5,0,2,87,77,4.3,7.9,290.06
,2018,9,27,32.5,25.2,0,3,87,67,6.3,5.9,350.47
,2018,9,28,32.2,27.5,0,3,87,70,7,5.2,371.61
,2018,9,29,33.4,25.4,0,4,87,67,7.3,4.9,380.67
,2018,9,30,33.6,26.2,0,3,83,67,7.3,4.9,380.67
,2018,10,1,33.2,25.2,0,4,75,63,7.3,4.2,352.27
,2018,10,2,33.2,24.5,0,3,76,58,7,4.5,343.67
,2018,10,3,33.4,23.5,0,4,91,73,7,4.5,343.67
,2018,10,4,30.8,23.8,0,3,83,69,8,3.5,372.31
,2018,10,5,30.2,23.5,0,4,87,63,7.3,4.2,352.27
,2018,10,6,32.5,23.6,0,3,87,69,5.3,6.2,294.91
,2018,10,7,31.2,23.6,0,3,87,66,6.3,5.2,323.63
,2018,10,8,31.2,23.2,0,2,87,67,7,4.5,343.67
,2018,10,9,31.2,22.5,0,4,86,72,6.3,5.2,323.63
,2018,10,10,30.3,22.2,0,2,91,76,2.3,9.2,209.07
,2018,10,11,29.3,23.2,0,2,95,86,0,11.5,143.20
,2018,10,12,25.5,20.8,23.4,3,90,91,0,11.5,143.20
,2018,10,13,24.2,22.8,1,2,95,82,3,8.5,229.11
,2018,10,14,27.2,20.5,0,2,95,72,7.3,4.2,352.27
,2018,10,15,30.4,22.5,0,3,86,62,6.3,5.2,323.63
,2018,10,16,30.2,19.2,0,3,95,57,7,4.5,343.67
,2018,10,17,29.8,20.2,0,2,91,61,6.3,5.2,323.63
,2018,10,18,29.2,21.5,0,2,86,72,5,6.5,286.39
,2018,10,19,29.2,21.2,0,2,90,69,5.3,6.2,294.91
,2018,10,20,30.5,22.2,0,2,95,72,3.3,8.2,237.71
,2018,10,21,29.5,21.5,0,2,86,66,6.3,5.2,323.63
,2018,10,22,30.4,20.8,0,3,86,62,7,4.5,343.67
,2018,10,23,30.2,20.5,0,3,86,63,7,4.5,343.67
,2018,10,24,31.2,20.2,0,2,82,72,6,5.5,315.03
,2018,10,25,30.2,19.5,0,3,90,61,7,4.5,343.67
,2018,10,26,30.2,19.5,0,4,82,64,8,3.5,372.31
,2018,10,27,30.2,19.5,0,2,77,62,7,4.5,343.67
,2018,10,28,30.2,20.2,0,3,86,74,6,5.5,315.03
,2018,10,29,27.2,19.2,0,4,81,64,8.3,3.2,380.91
,2018,10,30,27.5,20.2,0,2,82,62,8.3,3.2,380.91
,2018,10,31,29.6,19.2,13,3,81,68,8.3,3.2,380.91
,2018,11,1,27.2,19.2,0,2,81,65,8.3,2.6,329.06
,2018,11,2,30.5,18.8,0,3,78,58,7,3.9,296.25
,2018,11,3,31.2,19.2,0,3,78,58,7,3.9,296.25
,2018,11,4,30.5,20.2,0,2,91,58,6,4.9,271.02
,2018,11,5,30.5,19.8,0,2,90,58,6,4.9,271.02
,2018,11,6,30.2,20.8,0,3,95,41,6,4.9,271.02
,2018,11,7,29.8,15.2,0,2,79,70,6.3,4.6,278.59
,2018,11,8,27.2,18.2,0,2,90,66,7.3,3.6,303.82
,2018,11,9,26.5,16.8,0,2,74,64,7.3,3.6,303.82
,2018,11,10,27.2,17.2,0,3,84,56,7.3,3.6,303.82
,2018,11,11,27.4,15.5,0,3,71,56,8.3,2.6,329.06
,2018,11,12,27.2,16.2,0,2,80,49,6.3,4.6,278.59
,2018,11,13,27.5,15.2,0,2,80,51,7,3.9,329.06
,2018,11,14,29.2,15.5,0,2,85,56,5.3,5.6,253.35
,2018,11,15,29.2,16.5,0,2,90,71,2,8.9,170.07
,2018,11,16,26.8,19.2,0,2,90,46,6.3,4.6,278.59
,2018,11,17,27.5,19.2,0,3,75,36,7,3.9,296.25
,2018,11,18,27.2,12.4,0,2,83,54,7,3.9,296.25
,2018,11,19,25.5,13.2,0,2,88,58,6.3,4.6,278.59
,2018,11,20,26.3,13.2,0,2,95,58,5.3,5.6,253.35
,2018,11,21,26.5,13.8,0,2,89,58,5.3,5.6,253.35
,2018,11,22,26.4,13.2,0,3,89,52,6.3,4.6,278.59
,2018,11,23,26.6,13.5,0,2,89,59,7,3.9,296.25
,2018,11,24,27.2,13.8,0,2,84,46,7,3.9,296.25
,2018,11,25,27.4,13.5,0,2,75,49,8.3,2.6,329.06
,2018,11,26,27.2,15.2,0,2,75,46,7.3,3.6,303.82
,2018,11,27,27.3,14.2,0,2,80,52,7.3,3.6,303.82
,2018,11,28,27.3,13.2,0,2,80,49,7,3.9,296.25
,2018,11,29,27.4,13.2,0,2,84,48,6.3,4.6,278.59
,2018,11,30,27.2,12.8,0,2,94,52,6.3,4.6,278.59
,2018,12,1,26.2,13.5,0,1,79,50,7,3.6,273.04
,2018,12,2,25.5,12.5,0,2,79,52,6,4.6,249.52
,2018,12,3,27.3,13.2,0,2,84,58,5,5.6,226.00
,2018,12,4,26.3,13.2,0,2,79,50,6,4.6,249.52
,2018,12,5,25.3,13.2,0,2,88,57,4.3,6.3,209.53
,2018,12,6,24.8,13.2,0,2,89,50,6,4.6,249.52
,2018,12,7,25.5,11.8,0,2,83,57,5,5.6,226.00
,2018,12,8,23.6,12.2,0,3,77,58,7,3.6,273.04
,2018,12,9,24.3,11.5,0,3,78,47,7,3.6,273.04
,2018,12,10,26.3,11.5,0,3,72,53,8,2.6,296.56
,2018,12,11,24.3,13.2,0,2,68,50,7.3,3.3,280.10
,2018,12,12,26.2,13.2,0,2,63,58,7.3,3.3,280.10
,2018,12,13,25.2,12.5,0,3,68,53,7.3,3.3,280.10
,2018,12,14,23.5,11.5,0,2,73,43,7,3.6,273.04
,2018,12,15,24.8,12.2,0,2,77,47,5.3,5.3,233.06
,2018,12,16,26.2,13.2,0,1,82,56,4,6.6,202.48
,2018,12,17,24.2,16.2,0,1,78,79,0,10.6,108.40
,2018,12,18,21.2,16.2,6,1,94,88,0,10.6,108.40
,2018,12,19,16.5,11.5,3.7,1,94,70,6,4.6,249.52
,2018,12,20,20.2,10.5,0,2,94,60,5,5.6,226.00
,2018,12,21,22.5,12.5,0,1,94,63,5,5.6,226.00
,2018,12,22,23.2,11.2,0,2,94,60,7,3.6,273.04
,2018,12,23,23.5,12.3,0,2,88,56,7,3.6,273.04
,2018,12,24,23.5,11.2,0,1,88,49,6,4.6,249.52
,2018,12,25,24.2,10.5,0,2,87,56,5.3,5.3,233.06
,2018,12,26,23.5,9.2,0,1,87,54,5.3,5.3,233.06
,2018,12,27,23.5,9.4,0,2,87,48,5,5.6,226.00
,2018,12,28,23.2,7.5,0,2,86,40,5.3,5.3,233.06
,2018,12,29,20.5,5.5,0,1,93,54,7.3,3.3,280.10
,2018,12,30,22.8,6.5,0,2,77,54,7.3,3.3,280.10
,2018,12,31,23.2,6.8,0,2,72,48,7.3,3.3,280.10
,2019,1,1,23.2,8.2,0,2,70,52,7.3,3.4,292.37
,2019,1,2,24.2,8.4,0,2,76,48,7,3.7,285.03
,2019,1,3,25.2,9.8,0,2,87,52,6.3,4.4,267.90
,2019,1,4,23.5,9.2,0,1,93,54,7,3.7,285.03
,2019,1,5,21.2,10.8,0,1,76,46,8,2.7,309.49
,2019,1,6,22.5,10.2,0,2,75,48,8,2.7,309.49
,2019,1,7,23.5,10.5,0,3,71,48,7,3.7,285.03
,2019,1,8,24.2,9.5,0,2,87,45,6.3,4.4,267.90
,2019,1,9,25.2,9.5,0,2,94,52,5.3,5.4,243.44
,2019,1,10,23.5,9.2,0,2,93,56,6,4.7,260.57
,2019,1,11,23.2,11.2,0,1,82,63,7,3.7,285.03
,2019,1,12,23.2,11.2,0,2,82,56,7.3,3.4,292.37
,2019,1,13,23.2,9.8,0,1,71,49,6.3,4.4,267.90
,2019,1,14,25.2,10.2,0,3,87,52,5.3,5.4,243.44
,2019,1,15,24.2,9.5,0,2,93,54,6.3,4.4,267.90
,2019,1,16,23.5,9.2,0,2,87,56,7.3,3.4,292.37
,2019,1,17,24.2,12.2,0,2,82,53,6.3,4.4,267.90
,2019,1,18,24.2,11.2,0,1,88,60,6,4.7,260.57
,2019,1,19,23.8,10.5,0,2,94,56,6,4.7,260.57
,2019,1,20,25.2,10.2,0,1,93,57,6.3,4.4,267.90
,2019,1,21,25.3,11.2,0,1,88,53,6.3,4.4,267.90
,2019,1,22,24.2,10.5,0,2,94,53,7.3,3.4,292.37
,2019,1,23,26.2,11.5,0,2,88,57,7,3.7,285.03
,2019,1,24,25.4,12.2,0,1,88,75,5,5.7,236.10
,2019,1,25,23.5,12.5,0,1,88,53,2,8.7,162.72
,2019,1,26,24.4,15.2,0,1,78,57,7,3.7,285.03
,2019,1,27,26.3,16.5,0,2,89,52,6,4.7,260.57
,2019,1,28,27.2,14.2,0,3,94,57,7,3.7,285.03
,2019,1,29,24.5,14.2,0,3,70,50,7,3.7,285.03
,2019,1,30,23.2,9.8,0,2,80,58,7.3,3.4,292.37
,2019,1,31,22.5,10.2,0,2,77,56,8,2.7,309.49
,2019,2,1,23.5,13.2,0,2,72,57,5,6.2,275.64
,2019,2,2,24.2,10.3,0,2,83,47,7,4.2,331.50
,2019,2,3,26.2,11.2,0,3,83,45,7,4.2,331.50
,2019,2,4,26.3,10.4,0,2,82,42,7,4.2,331.50
,2019,2,5,25.2,11.3,0,2,82,53,6,5.2,303.57
,2019,2,6,25.3,11.2,0,2,87,57,6.3,4.9,311.95
,2019,2,7,25.2,11.3,0,1,88,54,6,5.2,303.57
,2019,2,8,26.1,12.2,0,2,84,74,0,11.2,136.00
,2019,2,9,22.5,16.2,6.7,1,94,84,1,10.2,163.92
,2019,2,10,20.2,12.2,5,2,94,65,7.3,3.9,339.87
,2019,2,11,22.2,11.3,0,2,88,63,8,3.2,359.42
,2019,2,12,23.5,12.5,0,2,83,53,8,3.2,359.42
,2019,2,13,26.3,13.4,0,2,73,48,7,4.2,331.50
,2019,2,14,27.5,14.2,0,3,94,53,7,4.2,331.50
,2019,2,15,27.2,13.8,0,2,94,52,7,4.2,331.50
,2019,2,16,26.5,17.2,1,2,94,57,4,7.2,247.71
,2019,2,17,25.5,14.5,1,2,89,67,3,8.2,219.78
,2019,2,18,20.5,12.4,0,2,88,67,5,6.2,275.64
,2019,2,19,22.5,12.5,0,3,94,75,7,4.2,331.50
,2019,2,20,24.5,13.2,0,2,89,50,6,5.2,303.57
,2019,2,21,26.5,15.8,0,2,83,69,4,7.2,247.71
,2019,2,22,25.3,15.2,0,3,79,59,7,4.2,331.50
,2019,2,23,27.2,16.5,0,3,90,56,7,4.2,331.50
,2019,2,24,28.2,13.4,0,4,73,50,7.3,3.9,339.87
,2019,2,25,26.2,15.5,0,3,79,52,8,3.2,359.42
,2019,2,26,26.5,15.2,0,3,79,59,6,5.2,303.57
,2019,2,27,26.2,19.2,0,2,79,75,1,10.2,163.92
,2019,2,28,21.3,17.2,12,2,94,90,8,8.2,219.78
,2019,3,1,20.5,12.8,0,2,77,54,8,3.8,415.12
,2019,3,2,23.3,10.2,0,3,88,47,8,3.8,415.12
,2019,3,3,25.5,12.6,0,3,78,50,7,4.8,383.50
,2019,3,4,26.3,15.2,0,3,83,58,5,6.8,320.27
,2019,3,5,23.8,16.5,0,2,84,71,5.3,6.5,329.76
,2019,3,6,24.2,19.2,0,3,90,54,7,4.8,383.50
,2019,3,7,26.2,13.5,0,3,64,43,8.3,3.5,424.60
,2019,3,8,26.3,12.2,0,3,65,43,7.3,4.5,392.99
,2019,3,9,25.8,12.2,0,4,60,45,8.3,3.5,424.60
,2019,3,10,27.3,15.2,0,3,66,53,7,4.8,383.50
,2019,3,11,28.2,16.5,0,4,79,60,7.3,4.5,392.99
,2019,3,12,28.3,15.2,0,4,75,61,8.3,3.5,424.60
,2019,3,13,30.2,15.2,0,4,84,45,8,3.8,415.12
,2019,3,14,30.4,16.8,0,4,74,50,6.3,5.5,361.37
,2019,3,15,30.6,19.8,0,3,68,59,8.3,3.5,424.60
,2019,3,16,30.5,20.2,0,6,69,52,8,3.8,415.12
,2019,3,17,30.4,19.8,0,5,60,39,7.3,4.5,392.99
,2019,3,18,30.2,16.8,0,2,68,51,6,5.8,351.89
,2019,3,19,29.4,19.8,1,4,81,47,8,3.8,415.12
,2019,3,20,29.2,16.5,0,2,85,47,8,3.8,415.12
,2019,3,21,29.8,15.8,0,4,75,45,8.3,3.5,424.60
,2019,3,22,30.5,19.5,0,5,71,55,8,3.8,415.12
,2019,3,23,30.2,21.5,0,5,76,51,8.3,3.5,424.60
,2019,3,24,29.6,16.2,0,5,63,42,8,3.8,415.12
,2019,3,25,30.3,16.5,0,3,77,44,7,4.8,383.50
,2019,3,26,30.5,20.2,0,3,80,69,5.3,6.5,329.76
,2019,3,27,26.3,15.2,0,2,76,47,8,3.8,415.12
,2019,3,28,29.2,20.2,0,3,77,58,7.3,4.5,392.99
,2019,3,29,30.5,19.8,0,3,74,62,5.3,6.5,329.76
,2019,3,30,30.5,21.8,4.5,3,90,68,5.3,6.5,329.76
,2019,3,31,29.2,21.5,0,2,86,78,0,11.8,162.20
,2019,4,1,24.3,19.2,20.5,2,95,81,2,10.5,240.49
,2019,4,2,24.2,20.3,6.5,2,81,86,6.3,6.2,379.58
,2019,4,3,27.4,20.2,0,4,80,66,7,5.5,402.23
,2019,4,4,26.4,20.2,0,2,77,74,3.3,9.2,282.54
,2019,4,5,31.2,19.1,8.5,2,90,83,2,10.5,240.49
,2019,4,6,27.3,20.4,2.5,3,81,76,4.3,8.2,314.89
,2019,4,7,29.5,19.5,5.3,3,85,74,6,6.5,369.88
,2019,4,8,27.3,20.2,0,2,85,71,5.3,7.2,347.24
,2019,4,9,27.2,16.4,37,1,94,78,1,11.5,208.14
,2019,4,10,25.5,19.5,1.5,3,85,67,8.3,4.2,444.28
,2019,4,11,27.2,21.2,0,3,82,55,6,6.5,369.88
,2019,4,12,30.2,23.1,0,5,75,63,7,5.5,402.23
,2019,4,13,32.8,23.5,0,2,83,77,5,7.5,337.53
,2019,4,14,33.2,22.2,1,2,82,65,6,6.5,369.88
,2019,4,15,30.5,23.4,6,3,86,76,4.3,8.2,314.89
,2019,4,16,29.3,23.2,1,2,90,79,3,9.5,272.84
,2019,4,17,30.2,19.4,8,5,90,65,8.3,4.2,444.28
,2019,4,18,30.3,21.2,0,4,72,61,8.3,4.2,444.28
,2019,4,19,29.5,22.5,0,5,83,51,8.3,4.2,444.28
,2019,4,20,32.5,20.2,0,5,70,51,8.3,4.2,444.28
,2019,4,21,30.6,20.4,0,5,72,53,9,3.5,466.92
,2019,4,22,29.3,21.2,0,6,74,68,8.3,4.2,444.28
,2019,4,23,29.5,21.5,0,4,74,63,8,4.5,434.57
,2019,4,24,31.3,22.2,0,5,74,61,8,4.5,434.57
,2019,4,25,33.5,24.2,0,4,72,62,7,5.5,402.23
,2019,4,26,34.2,24.5,0,3,83,80,3,9.5,272.84
,2019,4,27,30.5,25.2,14,3,87,70,7,5.5,402.23
,2019,4,28,31.2,22.5,9,5,95,76,4.3,8.2,314.89
,2019,4,29,27.2,22.4,0,3,87,80,4,8.5,305.18
,2019,4,30,31.2,24.8,0,3,91,80,7.3,5.2,411.93
,2019,5,1,30.2,23.2,0,4,83,67,8,5.3,447.13
,2019,5,2,32.8,22.5,0,2,83,70,5,8.3,349.81
,2019,5,3,32.5,22.5,47.5,2,91,91,1,12.3,220.04
,2019,5,4,26.2,13.2,13.2,3,95,95,0,13.3,187.60
,2019,5,5,24.2,12.8,17.1,5,95,73,8,5.3,447.13
,2019,5,6,31.2,24.8,0,4,87,64,7.3,6,424.42
,2019,5,7,34.2,25.5,0,7,87,73,6,7.3,382.25
,2019,5,8,31.5,22.8,0,3,87,70,4.3,9,327.10
,2019,5,9,32.2,23.5,0,3,91,74,5.3,8,359.54
,2019,5,10,32.3,24.2,0,5,88,70,5.3,8,359.54
,2019,5,11,32.7,24.5,0,4,87,74,4,9.3,317.36
,2019,5,12,33.5,23.5,0,3,83,73,3.3,10,294.65
,2019,5,13,30.5,19.8,23,3,86,76,2.3,11,262.21
,2019,5,14,30.2,22.5,3,4,86,69,8,5.3,447.13
,2019,5,15,30.8,19.8,14,1,83,66,6.3,7,391.98
,2019,5,16,31.2,23.2,1,4,91,69,5,8.3,349.81
,2019,5,17,30.8,19.8,9,4,86,72,2.3,11,262.21
,2019,5,18,30.2,23.8,0,2,87,76,2.3,11,262.21
,2019,5,19,29.8,24.2,0,2,79,74,7,6.3,414.69
,2019,5,20,32.8,22.3,40.5,3,86,77,5,8.3,349.81
,2019,5,21,32.3,23.5,0,3,83,77,3,10.3,284.92
,2019,5,22,29.5,21.5,11.7,5,86,72,7,6.3,414.69
,2019,5,23,30.5,20.5,15,3,74,65,6,7.3,382.25
,2019,5,24,30.5,22.8,16.4,2,95,91,0,13.3,187.60
,2019,5,25,30.5,23.2,2.6,3,91,83,0,13.3,187.60
,2019,5,26,26.5,23.5,0,2,91,73,6,7.3,382.25
,2019,5,27,30.5,24.2,0,3,79,73,7,6.3,414.69
,2019,5,28,30.8,22.8,9,4,79,77,6,7.3,382.25
,2019,5,29,30.5,22.2,8.5,4,79,64,7,6.3,414.69
,2019,5,30,32.8,22.6,9,3,83,76,6,7.3,382.25
,2019,5,31,29.5,21.2,25,2,95,90,0,13.3,187.60
,2019,6,1,25.2,22.5,9.3,3,87,72,5.3,8.3,361.43
,2019,6,2,30.5,22.5,15,4,95,91,0,13.6,190.60
,2019,6,3,26.5,22.8,1.7,3,91,83,3,10.6,287.30
,2019,6,4,27.2,22.8,2.5,6,87,69,7.3,6.3,425.90
,2019,6,5,29.8,24.5,0,5,83,70,7.3,6.3,425.90
,2019,6,6,30.8,25.2,0,3,83,70,7,6.6,416.23
,2019,6,7,32.4,27.3,0,5,76,70,8,5.6,448.47
,2019,6,8,32.5,27.8,0,6,76,67,9.3,4.3,490.37
,2019,6,9,33.5,25.8,0,4,83,65,6.3,7.3,393.67
,2019,6,10,34.3,23.2,12.4,3,83,74,6.3,7.3,393.67
,2019,6,11,33.5,22.8,11.8,3,91,83,3,10.6,287.30
,2019,6,12,30.8,23.5,13.2,4,77,65,7,6.6,416.23
,2019,6,13,35.2,27.8,0,3,81,68,4,9.6,319.53
,2019,6,14,34.2,26.8,2.4,6,77,65,7,6.6,416.23
,2019,6,15,34.5,24.3,0,4,91,70,2,11.6,255.06
,2019,6,16,31.2,25.8,0,4,87,77,3.3,10.3,296.97
,2019,6,17,32.3,24.8,0,3,83,77,1,12.6,222.83
,2019,6,18,31.2,24.2,31.8,3,91,73,5,8.6,351.76
,2019,6,19,33.2,24.8,7,4,77,65,6,7.6,384.00
,2019,6,20,34.2,24.8,2.5,4,87,68,5,8.6,351.76
,2019,6,21,34.3,24.2,46.8,4,91,77,3.3,10.3,296.97
,2019,6,22,33.2,27.3,6,3,87,64,5,8.6,351.76
,2019,6,23,32.8,27.2,12.6,7,84,62,9.3,4.3,490.37
,2019,6,24,34.2,30.8,0,6,77,59,7,6.6,416.23
,2019,6,25,34.3,28.8,0,3,84,80,0,13.6,190.60
,2019,6,26,33.2,24.5,18.6,2,92,87,0,13.6,190.60
,2019,6,27,29.5,24.5,17,2,96,84,0,13.6,190.60
,2019,6,28,29.5,24.5,76.3,3,91,74,3.3,10.3,296.97
,2019,6,29,30.8,23.3,10.5,3,84,70,3,10.6,287.30
,2019,6,30,34.2,22.8,0,5,77,64,9,4.6,474.44
,2019,7,1,34.5,30.2,0,2,84,91,6.3,7.2,391.03
,2019,7,2,33.8,26.5,4.8,8,76,63,9.3,4.2,487.42
,2019,7,3,32.2,27.8,0,7,83,64,1,12.5,220.73
,2019,7,4,31.5,28.2,0,5,80,64,7,6.5,413.52
,2019,7,5,32.2,28.7,0,5,87,64,7.3,6.2,423.16
,2019,7,6,33.2,26.5,1.6,2,87,80,3.3,10.2,294.63
,2019,7,7,30.8,25.2,32.8,2,91,79,0,13.5,188.60
,2019,7,8,29.3,25.2,43.5,2,96,91,0,13.5,188.60
,2019,7,9,27.5,25.5,29.5,2,96,91,0,13.5,188.60
,2019,7,10,27.2,25.5,78,2,95,91,0,13.5,188.60
,2019,7,11,27.5,24.7,50,2,95,91,0,13.5,188.60
,2019,7,12,27.2,24.8,7,3,96,83,0,13.5,188.60
,2019,7,13,30.2,25.5,2,3,91,76,2.3,11.2,262.50
,2019,7,14,30.2,24.8,21.5,3,95,83,0,13.5,188.60
,2019,7,15,28.5,23.2,40,2,95,83,0,13.5,188.60
,2019,7,16,27.8,24.5,0,3,87,80,5,8.5,349.25
,2019,7,17,30.3,27.8,0,4,79,74,7,6.5,413.52
,2019,7,18,32.6,27.8,0,4,84,80,3,10.5,284.99
,2019,7,19,33.2,26.8,1.4,4,91,71,7,6.5,413.52
,2019,7,20,33.4,30.5,0,6,84,64,8.3,5.2,455.29
,2019,7,21,33.5,29.8,0,6,80,67,7,6.5,413.52
,2019,7,22,34.2,28.4,0,2,92,87,0,13.5,188.60
,2019,7,23,27.5,24.5,20.5,2,91,84,0,13.5,188.60
,2019,7,24,29.5,24.2,72.7,2,96,84,0,13.5,188.60
,2019,7,25,29.5,24.5,41.7,2,91,80,3,10.5,284.99
,2019,7,26,29.2,25.3,0,2,83,72,2.3,11.2,262.50
,2019,7,27,30.5,25.8,1.2,5,95,76,8,5.5,445.65
,2019,7,28,30.2,27.8,0,7,79,96,10,3.5,509.91
,2019,7,29,31.5,27.8,0,7,83,69,8.3,5.2,455.29
,2019,7,30,30.5,28.2,0,5,80,74,4,9.5,317.12
,2019,7,31,32.5,27.8,1.5,3,87,83,,12.5,220.73
,2019,8,1,31.2,28.5,21.2,5,87,70,11,1.9,544.27
,2019,8,2,31.2,29.5,0,5,83,74,7.3,5.6,423.02
,2019,8,3,32.2,30.8,0,4,76,67,8.3,4.6,455.79
,2019,8,4,32.5,31.5,2.5,5,73,71,8,4.9,445.96
,2019,8,5,33.2,31.2,4,5,80,65,10,2.9,511.50
,2019,8,6,34.5,31.5,0,8,71,65,4.3,8.6,324.71
,2019,8,7,34.2,29.8,0,5,79,61,5.3,7.6,357.48
,2019,8,8,33.8,24.8,2,5,83,72,5,7.9,347.65
,2019,8,9,31.2,25.5,7.5,4,91,74,5.3,7.6,357.48
,2019,8,10,33.5,30.5,0,3,88,74,2.3,10.6,259.17
,2019,8,11,32.8,30.2,24.7,6,88,65,8.3,4.6,455.79
,2019,8,12,34.5,31.8,0,5,78,62,6.3,6.6,390.25
,2019,8,13,35.8,24.5,89.5,6,87,69,7.3,5.6,423.02
,2019,8,14,31.2,25.8,0,2,87,87,1,11.9,216.57
,2019,8,15,30.2,27.2,4.2,2,91,80,2.3,10.6,259.17
,2019,8,16,30.2,27.8,3.5,2,91,84,3,9.9,282.11
,2019,8,17,30.5,27.8,3.5,5,87,74,9.3,3.6,488.56
,2019,8,18,32.5,28.4,0,5,87,70,9,3.9,478.73
,2019,8,19,31.8,27.8,1,4,87,64,8,4.9,445.96
,2019,8,20,32.5,28.2,0,6,84,70,8,4.9,445.96
,2019,8,21,33.4,28.5,0,5,84,65,7.3,5.6,423.02
,2019,8,22,34.2,30.6,0,5,81,59,5.3,7.6,357.48
,2019,8,23,31.2,28.6,0,3,92,77,1,11.9,216.57
,2019,8,24,30.6,27.4,0,3,91,70,4.3,8.6,324.71
,2019,8,25,30.2,28.4,14.4,5,83,71,9.3,3.6,488.56
,2019,8,26,32.8,31.2,0,5,84,67,9.3,3.6,488.56
,2019,8,27,33.5,28.8,0,5,80,64,8,4.9,445.96
,2019,8,28,33.8,28.8,0,5,84,71,4.3,8.6,324.71
,2019,8,29,33.8,24.6,68.2,5,91,74,8,4.9,445.96
,2019,8,30,33.5,30.5,0,4,84,74,5,7.9,347.65
,2019,8,31,33.8,28.5,0,2,91,87,4,8.9,314.88
,2019,9,1,30.8,25.5,2.7,6,84,68,7.3,4.9,380.67
,2019,9,2,34.8,27.8,0,3,84,74,6.3,5.9,350.47
,2019,9,3,33.5,27.3,2.2,4,87,71,6,6.2,341.40
,2019,9,4,32.8,27.2,0,4,91,77,2,10.2,220.60
,2019,9,5,31.2,30.5,0,5,84,74,8,4.2,401.81
,2019,9,6,32.8,30.8,0,5,80,74,9,3.2,4325.01
,2019,9,7,32.5,29.5,0,5,79,77,6.3,5.9,350.47
,2019,9,8,31.8,28.5,0,3,87,77,4,8.2,281.00
,2019,9,9,30.5,29.5,7.8,3,87,80,1,11.2,190.40
,2019,9,10,30.8,29.3,6.5,2,87,87,2.3,9.9,229.66
,2019,9,11,30.8,28.2,1,3,91,77,4,8.2,281.00
,2019,9,12,31.3,26.5,0,3,91,83,2.3,9.9,229.66
,2019,9,13,29.5,25.8,14,2,91,83,1.3,10.9,199.46
,2019,9,14,30.5,25.5,0,4,91,73,4.3,7.9,290.06
,2019,9,15,32.8,25.5,48,3,91,91,1,11.2,190.40
,2019,9,16,30.5,25.3,18.8,2,95,87,0,12.2,160.20
,2019,9,17,25.8,23.5,122,3,91,84,5,7.2,311.20
,2019,9,18,30.2,24.3,0,3,80,70,8,4.2,401.81
,2019,9,19,31.5,31.2,0,5,80,71,7.3,4.9,380.67
,2019,9,20,34.5,31.8,2.3,3,80,91,3.3,8.9,259.86
,2019,9,21,33.8,30.6,0,3,80,71,5.3,6.9,320.26
,2019,9,22,33.5,30.3,16.3,2,88,91,2,10.2,220.60
,2019,9,23,31.8,22.8,28,2,91,87,0,12.2,160.20
,2019,9,24,28.2,23.8,23.2,2,91,91,1,11.2,190.40
,2019,9,25,26.2,23.8,4.2,2,91,91,1,11.2,190.40
,2019,9,26,26.8,23.8,0,5,87,77,6.3,5.9,350.47
,2019,9,27,30.2,24.2,0,2,83,87,2,10.2,220.60
,2019,9,28,30.2,24.2,0,2,91,87,0,12.2,160.20
,2019,9,29,26.5,22.8,10.7,2,95,91,0,12.2,160.20
,2019,9,30,24.5,22.2,38.5,2,95,90,0,12.2,160.20
,2019,10,1,23.2,22.6,80.3,2,95,91,1,10.5,171.83
,2019,10,2,26.2,23.8,0,2,91,76,7.3,4.2,352.27
,2019,10,3,30.4,24.2,0,4,83,70,8,3.5,372.31
,2019,10,4,31.5,29.2,0,3,83,70,5.3,6.2,294.91
,2019,10,5,32.2,27.8,0,3,91,70,4.3,7.2,266.35
,2019,10,6,32.2,24.5,0,3,91,80,5,6.5,286.39
,2019,10,7,31.2,28.8,0,3,87,80,3.3,8.2,237.71
,2019,10,8,30.8,22.8,32,2,95,86,1,10.5,171.83
,2019,10,9,25.8,22.5,13.5,2,95,79,4,7.5,257.75
,2019,10,10,27.5,23.5,0,3,74,69,7,4.5,343.67
,2019,10,11,31.5,23.8,0,2,91,72,7,4.5,343.67
,2019,10,12,30.8,23.5,0,3,83,63,8,3.5,372.31
,2019,10,13,30.8,23.5,0,3,83,58,8,3.5,372.31
,2019,10,14,30.3,24.8,0,4,79,63,8,3.5,372.31
,2019,10,15,30.5,22.6,0,2,83,70,8,3.5,372.31
,2019,10,16,31.3,25.5,0,3,83,67,7.3,4.2,352.27
,2019,10,17,30.5,24.5,0,4,91,69,8.3,3.2,380.91
,2019,10,18,31.2,23.6,0,3,83,63,8,3.5,372.31
,2019,10,19,31.5,23.5,0,3,87,67,6,5.5,315.03
,2019,10,20,32.2,24.2,0,5,83,62,4.3,7.2,266.35
,2019,10,21,30.5,24.2,0,2,91,83,1,10.5,171.83
,2019,10,22,27.2,23.8,0,2,91,68,6.3,5.2,323.63
,2019,10,23,29.3,20.5,0,2,86,68,1,10.2,171.83
,2019,10,24,27.5,24.2,0,2,95,81,0,11.5,143.20
,2019,10,25,23.8,19.8,18,2,95,90,0,11.5,143.20
,2019,10,26,22.2,19.5,22,2,90,81,1.3,10.2,180.43
,2019,10,27,23.8,20.8,0,2,86,74,8,3.5,372.31
,2019,10,28,28.3,20.5,0,3,86,68,8.3,3.2,380.91
,2019,10,29,27.5,23.6,0,3,82,64,8,3.5,372.31
,2019,10,30,30.2,23.2,0,2,82,69,8,3.5,372.31
,2019,10,31,29.5,23.3,0,3,83,76,8,3.5,372.31
,2019,11,1,30.8,23.2,0,3,79,69,8,2.9,321.49
,2019,11,2,30.2,20.8,0,3,78,64,8,2.9,321.49
,2019,11,3,29.5,24.5,0,3,78,65,8.3,2.6,329.06
,2019,11,4,31.2,21.2,0,4,78,72,8,2.9,321.49
,2019,11,5,30.5,21.2,0,4,82,69,4,6.9,220.54
,2019,11,6,30.5,20.2,0,1,90,74,5.3,5.6,253.35
,2019,11,7,27.5,21.2,0,3,90,62,7.3,3.6,303.82
,2019,11,8,27.5,23.8,0,1,90,62,6,4.9,271.02
,2019,11,9,29.5,24.2,0,2,83,82,0,10.9,119.60
,2019,11,10,28.3,23.5,0,1,90,77,2.3,8.6,177.64
,2019,11,11,24.8,23.8,0,1,81,64,6.3,4.6,278.59
,2019,11,12,28.2,23.8,0,3,86,68,6,4.9,271.02
,2019,11,13,29.5,24.5,0,1,86,64,7.3,3.6,303.82
,2019,11,14,29.5,25.5,0,3,82,62,8,2.9,321.49
,2019,11,15,30.2,24.2,0,3,82,65,7,3.9,396.25
,2019,11,16,30.5,23.8,0,2,81,58,6.3,4.6,278.59
,2019,11,17,29.8,21.2,0,1,81,61,5.3,5.6,253.35
,2019,11,18,29.2,18.2,0,2,85,54,5,5.9,245.78
,2019,11,19,28.8,17.5,0,2,85,53,6,4.9,271.02
,2019,11,20,28.2,14.8,0,2,80,53,6.3,4.6,278.59
,2019,11,21,28.5,16.8,0,2,80,55,7,3.9,296.25
,2019,11,22,28.3,15.5,0,2,85,56,7,3.9,296.25
,2019,11,23,28.8,16.3,0,1,90,53,5.3,5.6,253.35
,2019,11,24,28.5,16.5,0,2,85,56,3.3,7.6,202.88
,2019,11,25,27.8,16.8,0,1,90,69,2,8.9,170.07
,2019,11,26,25.5,16.5,0,2,81,63,7.3,3.6,303.82
,2019,11,27,28.5,17.2,0,2,80,60,7.3,3.6,303.82
,2019,11,28,27.8,16.5,0,3,76,61,7.3,3.6,303.82
,2019,11,29,28.8,15.8,0,1,85,56,6,4.9,271.02
,2019,11,30,28.8,15.8,0,2,85,55,4.3,6.6,228.11
,2019,12,1,28.5,13.8,0,2,84,43,5.3,5.3,233.06
,2019,12,2,26.8,12.7,0,2,89,58,5.3,5.3,233.06
,2019,12,3,25.5,13.5,0,2,90,57,6.3,4.3,256.58
,2019,12,4,25.5,13.5,0,2,79,50,8,2.6,296.56
,2019,12,5,26.5,13.3,0,3,84,52,7.3,3.3,280.10
,2019,12,6,27.2,14.2,0,2,79,54,8,2.6,296.56
,2019,12,7,27.5,12.5,0,1,75,58,7.3,3.3,280.10
,2019,12,8,25.5,12.8,0,3,60,58,8,2.6,296.56
,2019,12,9,26.3,11.5,0,2,74,49,7,3.6,273.04
,2019,12,10,25.5,11.5,0,2,83,52,6,4.6,249.52
,2019,12,11,25.5,11.8,0,1,88,49,5,5.6,226.00
,2019,12,12,24.5,11.3,0,1,94,60,5,5.6,226.00
,2019,12,13,24.2,15.2,0,2,89,68,4,6.6,202.48
,2019,12,14,25.2,13.8,0,1,84,75,2,8.6,155.44
,2019,12,15,22.5,11.2,0,1,88,57,4,6.6,202.48
,2019,12,16,24.5,15.5,0,1,88,80,5,5.6,226.00
,2019,12,17,24.8,12.5,0,1,94,74,3.3,7.3,186.01
,2019,12,18,22.5,11.5,0,1,94,83,0,10.6,108.40
,2019,12,19,17.5,9.8,0,1,93,88,0,10.6,108.40
,2019,12,20,11.3,10.2,0,1,93,87,0,10.6,108.40
,2019,12,21,14.2,11.5,0,1,93,87,0,10.6,108.40
,2019,12,22,14.5,11.8,0,1,94,88,0,10.6,108.40
,2019,12,23,15.5,11.2,0,1,94,74,3,7.6,178.96
,2019,12,24,20.2,10.2,0,1,93,70,4,6.6,202.48
,2019,12,25,21.2,6.5,0,1,94,62,5,5.6,226.00
,2019,12,26,21.8,7.8,0,1,93,66,5,5.6,226.00
,2019,12,27,22.8,10.8,0,1,93,82,0,10.6,108.40
,2019,12,28,12.5,7.8,0,1,93,69,5.3,5.3,233.06
,2019,12,29,20.2,7.8,0,1,87,54,8,2.6,296.56
,2019,12,30,22.5,8.2,0,1,77,48,8,2.6,296.56
,2019,12,31,23.8,11.5,0,2,78,84,6,4.6,249.52
,2020,1,1,24.2,15.5,0,3,72,53,1.3,9.4,145.60
,2020,1,2,22.5,14.8,7.5,1,83,62,2,8.7,162.72
,2020,1,3,21.8,15.5,1.5,1,94,74,2,8.7,762.72
,2020,1,4,22.3,13.5,0,1,94,79,4,6.7,211.64
,2020,1,5,22.2,13.5,0,1,94,78,1.3,9.4,145.60
,2020,1,6,18.5,10.2,0,2,87,88,0,10.7,113.80
,2020,1,7,15.2,9.2,0,3,93,66,6.3,4.4,267.90
,2020,1,8,21.3,9.5,0,2,94,66,5,5.7,236.10
,2020,1,9,22.2,13.8,1,2,94,66,6,4.7,260.57
,2020,1,10,23.5,10.8,0,1,94,79,0,10.7,113.80
,2020,1,11,19.5,11.5,0,2,94,70,3,7.7,187.18
,2020,1,12,20.5,10.8,0,2,93,83,4,6.7,211.64
,2020,1,13,19.5,8.8,0,2,93,74,5.3,5.4,243.44
,2020,1,14,23.5,9.8,0,2,94,52,6,4.7,260.57
,2020,1,15,24.3,10.2,0,2,94,56,5.3,5.4,243.44
,2020,1,16,25.2,10.8,0,1,94,54,6,4.7,260.57
,2020,1,17,25.7,12.5,0,2,94,57,5.3,5.4,243.44
,2020,1,18,24.5,13.8,0,1,94,61,4.3,6.4,218.98
,2020,1,19,25.5,13.2,0,1,94,84,0,10.7,113.80
,2020,1,20,20.3,11.3,0,1,87,73,4.3,6.4,218.98
,2020,1,21,19.5,8.2,1.5,1,93,82,1.3,9.4,145.60
,2020,1,22,17.5,8.5,0,3,93,68,4,6.7,211.64
,2020,1,23,19.5,7.5,0,3,93,69,4.3,6.4,218.98
,2020,1,24,20.5,7.8,0,2,87,69,3.3,7.4,194.52
,2020,1,25,20.3,9.5,0,2,93,65,6,4.7,260.57
,2020,1,26,21.5,8.8,0,2,82,57,5.3,5.4,243.44
,2020,1,27,22.5,9.5,0,1,93,62,4,6.7,211.64
,2020,1,28,21.6,9.2,0,1,93,62,3.3,7.4,194.52
,2020,1,29,22.3,11.2,0,1,88,63,1,9.7,138.26
,2020,1,30,23.5,13.5,0,1,88,75,0,10.7,113.80
,2020,1,31,22.2,13.5,0,1,94,74,1,9.7,138.26
,2020,2,1,22.3,10.5,0,2,94,74,4,7.2,247.71
,2020,2,2,21.5,8.8,0,3,70,44,6.3,4.9,311.95
,2020,2,3,21.4,7.5,0,2,87,53,6,5.2,303.57
,2020,2,4,22.8,9.2,0,2,87,54,6.3,4.9,311.95
,2020,2,5,23.5,8.5,0,3,77,54,7,4.2,331.50
,2020,2,6,23.5,7.8,0,1,88,54,7.3,3.9,339.87
,2020,2,7,23.5,9.2,0,2,88,48,6.3,4.9,311.95
,2020,2,8,24.2,10.3,0,3,78,54,3,8.2,219.78
,2020,2,9,24.3,9.8,0,3,82,52,7.3,3.9,339.87
,2020,2,10,25.2,9.5,0,3,82,42,7,4.2,331.50
,2020,2,11,24.5,9.8,0,3,77,50,7.3,3.9,339.87
,2020,2,12,26.2,9.9,0,3,82,34,7.3,3.9,339.87
,2020,2,13,25.5,10.2,0,3,87,52,7,4.2,331.50
,2020,2,14,25.2,10.3,0,2,88,56,5,6.2,275.64
,2020,2,15,25.2,11.8,0,2,88,60,2,9.2,191.85
,2020,2,16,24.5,13.8,0,1,89,62,2.3,8.9,200.23
,2020,2,17,26.5,14.8,0,2,94,69,0,11.2,136.00
,2020,2,18,25.2,14.2,0,2,89,61,4.3,6.9,256.09
,2020,2,19,25.5,13.8,0,2,89,62,3,8.2,219.78
,2020,2,20,26.2,13.2,0,3,94,54,2.3,8.2,200.23
,2020,2,21,25.5,15.5,0,2,79,59,6,5.2,303.57
,2020,2,22,26.8,15.5,0,2,79,68,1.3,9.9,172.30
,2020,2,23,24.5,13.6,0,2,84,52,7,4.2,331.50
,2020,2,24,28.7,15.5,0,3,89,66,4,7.2,247.71
,2020,2,25,27.5,15.2,0,2,89,71,2,9.2,191.85
,2020,2,26,23.5,15.8,2,3,84,75,5,6.2,275.64
,2020,2,27,22.2,12.6,0,3,88,65,6.3,4.9,311.95
,2020,2,28,25.4,12.8,0,3,79,58,8.3,2.9,367.80
,2020,2,29,27.8,13.5,0,3,75,59,7,4.2,331.50
,2020,3,1,28.5,15.2,0,3,80,51,7.3,4.5,392.99
,2020,3,2,29.5,15.3,0,4,84,46,6.3,5.5,361.37
,2020,3,3,28.3,16.2,0,4,81,53,7,4.8,383.50
,2020,3,4,28.5,16.8,0,2,80,66,5,6.8,320.27
,2020,3,5,26.8,16.8,0,4,80,55,6.3,5.5,361.37
,2020,3,6,27.5,17.8,0,2,84,75,3,8.8,257.04
,2020,3,7,22.5,16.5,4,3,90,66,5,6.8,320.27
,2020,3,8,27.2,16.8,0,3,90,63,8,3.8,415.12
,2020,3,9,27.36,16.2,0,3,80,50,8,3.8,415.12
,2020,3,10,27.2,14.5,0,5,75,53,8,3.8,415.12
,2020,3,11,28.3,15.2,0,4,75,55,8,3.8,415.12
,2020,3,12,27.5,16.3,0,4,77,49,7.3,4.5,392.99
,2020,3,13,30.5,18.2,0,3,80,61,4.3,7.5,298.14
,2020,3,14,29.6,20.2,2.5,2,90,95,0,11.8,162.20
,2020,3,15,22.2,17.5,5.5,3,90,70,7.3,4.5,392.99
,2020,3,16,27.5,16.2,0,5,85,53,9,2.8,446.73
,2020,3,17,28.3,14.5,0,5,71,46,9,2.8,446.73
,2020,3,18,27.8,14.5,0,5,76,53,8.3,3.5,424.60
,2020,3,19,28.5,16.2,0,3,80,46,7,4.8,383.50
,2020,3,20,29.2,17.5,0,5,70,52,8.3,3.5,424.60
,2020,3,21,30.5,16.8,0,5,72,55,6.3,5.5,361.37
,2020,3,22,30.8,18.5,1.7,2,90,77,2,9.8,225.43
,2020,3,23,24.5,16.5,0,3,85,63,8,3.8,415.12
,2020,3,24,28.5,17.2,0,4,77,56,8.3,3.5,424.60
,2020,3,25,30.2,17.8,0,4,73,55,7.3,4.5,392.99
,2020,3,26,30.5,20.6,0,4,78,63,7.3,4.5,392.99
,2020,3,27,31.8,20.5,0,4,74,53,8,3.8,415.12
,2020,3,28,32.2,20.5,0,7,73,55,9,2.8,446.73
,2020,3,29,30.6,20.2,0,7,69,44,9,2.8,446.73
,2020,3,30,30.2,17.8,0,7,61,38,9,2.8,446.73
,2020,3,31,30.3,15.8,0,5,63,38,8.3,3.5,424.60
,2020,4,1,31.5,17.3,0,5,66,44,8.3,4.2,444.28
,2020,4,2,32.2,18.8,0,4,66,45,8.3,4.2,444.28
,2020,4,3,33.2,21.5,0,7,82,47,9,3.5,466.92
,2020,4,4,32.3,16.2,0,5,78,35,9,3.5,466.92
,2020,4,5,31.8,16.5,0,5,70,38,8,4.5,434.57
,2020,4,6,32.3,17.2,0,4,78,56,8.3,4.2,444.28
,2020,4,7,32.5,19.6,0,6,70,36,9,3.5,466.92
,2020,4,8,33.3,18.9,0,5,70,63,8.3,4.5,444.28
,2020,4,9,33.5,19.9,0,5,74,56,8,4.5,434.57
,2020,4,10,32.5,19.2,0,6,73,62,8,4.5,434.57
,2020,4,11,31.5,20.4,0,5,73,61,6.3,6.2,379.58
,2020,4,12,32.2,19.8,1.5,4,78,57,7,5.5,402.23
,2020,4,13,30.5,20.2,0,4,74,57,7,5.5,402.23
,2020,4,14,32.3,22.5,0,4,72,58,6,6.5,369.88
,2020,4,15,33.5,24.5,0,3,91,95,0,12.5,175.80
,2020,4,16,26.2,18.5,34,4,82,68,6.3,6.2,379.58
,2020,4,17,29.2,19.8,35,2,90,82,1,11.5,208.14
,2020,4,18,26.3,18.5,9.8,4,86,83,2,10.5,240.49
,2020,4,19,27.5,20.2,5.3,3,86,79,7,5.5,402.23
,2020,4,20,28.8,19.5,9.3,4,86,68,4.3,8.2,314.89
,2020,4,21,29.5,22.5,0,2,86,85,2,10.5,240.49
,2020,4,22,26.5,17.7,14.5,3,90,74,7,5.5,402.23
,2020,4,23,28.5,20.7,0,2,86,83,2,10.5,240.49
,2020,4,24,28.3,19.5,15.5,3,90,78,4,8.5,305.18
,2020,4,25,26.3,19.2,26.2,3,90,86,4.3,8.2,314.89
,2020,4,26,25.5,19.2,12.5,5,90,75,6,6.5,369.88
,2020,4,27,28.3,20.5,0,4,83,69,7.3,5.2,411.93
,2020,4,28,30.5,21.8,0,2,86,82,0,12.5,175.80
,2020,4,29,25.5,20.5,0,4,90,79,7.3,5.2,411.93
,2020,4,30,29.8,21.8,0,5,83,72,9,3.5,466.92
,2020,5,1,30.5,21.8,0,4,83,72,6.3,7,391.98
,2020,5,2,30.5,21.2,0,3,87,90,5,8.3,349.81
,2020,5,3,29.5,19.8,0,5,74,69,8,5.3,447.13
,2020,5,4,31.2,22.5,0,4,83,66,8,5.3,447.13
,2020,5,5,31.8,23.2,0,3,76,76,3,10.3,284.92
,2020,5,6,32.8,20.5,16.5,4,86,76,7,6.3,414.69
,2020,5,7,29.5,20.5,0,3,83,86,5,8.3,349.81
,2020,5,8,31.8,19.2,2,4,86,68,8.3,5,349.81
,2020,5,9,29.2,21.5,0,4,75,63,9.3,4,489.31
,2020,5,10,29.8,22.5,0,4,76,64,8,5.3,447.13
,2020,5,11,33.6,20.5,32,3,86,72,6.3,7,391.98
,2020,5,12,32.2,23.5,0,4,76,67,8,5.3,447.13
,2020,5,13,32.5,24.2,0,5,84,64,6,7.3,382.25
,2020,5,14,34.2,22.2,0,5,91,76,7,6.3,414.69
,2020,5,15,29.6,22.8,0,3,83,79,2,11.3,252.48
,2020,5,16,30.4,22.2,52,4,91,72,6,7.3,382.25
,2020,5,17,31.3,21.5,18.2,4,83,73,7,6.3,414.69
,2020,5,18,31.5,24.5,0,5,87,74,6,7.3,382.25
,2020,5,19,33.4,26.2,0,3,87,80,0,13.3,187.60
,2020,5,20,31.6,25.9,0,2,87,78,0,13.3,187.60
,2020,5,21,28.3,21.2,52,2,95,90,0,13.3,187.60
,2020,5,22,23.5,21.6,46.5,1,95,91,0,13.3,187.60
,2020,5,23,25.3,23.2,0,3,91,84,4.3,9,327.10
,2020,5,24,31.3,25.2,0,3,91,80,1,12.3,220.04
,2020,5,25,31.5,20.9,61.5,3,91,87,0,13.3,187.60
,2020,5,26,28.2,24.5,2.5,3,96,83,1,12.3,220.04
,2020,5,27,30.2,20.8,22.5,2,86,90,3,10.3,284.92
,2020,5,28,27.2,20.8,17.5,3,86,79,4.3,9,327.10
,2020,5,29,29.2,22.5,0,5,79,77,7,6.3,414.69
,2020,5,30,31.2,24.5,0,4,83,66,6.3,7,391.98
,2020,5,31,30.5,22.2,3.5,4,91,66,6,7.3,382.25
,2020,6,1,31.5,20.6,58,3,95,80,3.3,10.3,296.97
,2020,6,2,29.9,20.6,59,5,91,70,7,6.6,416.23
,2020,6,3,33.5,25.7,0,5,79,74,5,8.6,351.76
,2020,6,4,33.5,24.5,0,4,87,77,4.3,9.3,329.20
,2020,6,5,32.8,24.5,2.5,3,91,84,2.3,11.3,264.73
,2020,6,6,30.5,24.2,70,5,95,80,3.3,10.3,296.97
,2020,6,7,31.5,25.4,18.5,5,83,67,7.3,6.3,425.90
,2020,6,8,34.5,26.3,0,5,80,67,8,5.6,448.47
,2020,6,9,33.7,26.5,0,7,77,65,9,4.6,474.44
,2020,6,10,34.5,27.5,0,6,77,71,8,5.6,448.47
,2020,6,11,34.2,27.4,0,6,84,74,8.3,5.3,458.14
,2020,6,12,33.2,26.9,0,4,87,77,4,9.6,319.53
,2020,6,13,30.8,25.5,11,4,91,84,3.3,10.3,296.97
,2020,6,14,30.5,25.5,12,3,87,87,2.3,11.3,264.73
,2020,6,15,30.8,25.5,7.5,3,87,84,4,9.6,319.53
,2020,6,16,32.5,26.6,8.5,4,84,80,4.3,9.3,329.20
,2020,6,17,32.6,25.7,12,3,91,91,0,13.6,190.60
,2020,6,18,29.2,25.8,26.7,4,91,92,0,13.6,190.60
,2020,6,19,29.9,26.2,2,4,91,80,3.3,10.3,296.97
,2020,6,20,31.4,26.5,0,3,87,80,6,7.6,384.00
,2020,6,21,32.2,25.8,0,3,83,87,6.3,7.3,393.67
,2020,6,22,31.3,26.2,1.5,5,83,91,6,7.6,384.00
,2020,6,23,32.2,26.8,0,4,92,77,4,9.6,319.53
,2020,6,24,32.8,26.6,3.5,4,88,77,1,12.6,222.83
,2020,6,25,32.5,25.2,19,3,96,96,0,13.6,190.60
,2020,6,26,28.5,24.7,30.5,3,95,91,0,13.6,190.60
,2020,6,27,28.6,25.5,31.5,4,91,80,2.3,11.3,264.73
,2020,6,28,30.5,25.5,1,3,96,76,0,13.6,190.60
,2020,6,29,29.8,25.4,0,3,87,77,3.3,10.3,296.97
,2020,6,30,31.5,26.5,1.5,3,87,91,3,10.6,287.30
,2020,7,1,32.2,26.2,30,4,88,91,2.3,11.2,262.50
,2020,7,2,32.5,25.5,6,3,95,91,0,13.5,188.60
,2020,7,3,27.2,24.8,110,3,95,83,0,13.5,188.60
,2020,7,4,29.2,25.8,6.5,4,87,87,4.3,9.2,326.76
,2020,7,5,31.8,26.5,1,5,83,77,8,5.5,445.65
,2020,7,6,31.7,26.7,0,7,91,73,5.3,8.2,358.89
,2020,7,7,32.2,26.5,0,2,87,77,4,9.5,317.12
,2020,7,8,30.5,26.8,1,6,88,77,7.3,6.2,423.16
,2020,7,9,30.5,26.2,41,3,96,95,0,13.5,188.60
,2020,7,10,28.2,25.5,65,3,96,84,0,13.5,188.60
,2020,7,11,31.3,25.2,28.5,4,91,77,1,12.5,220.73
,2020,7,12,29.8,24.3,23,4,95,79,2,11.5,252.86
,2020,7,13,29.3,24.2,65,8,95,87,2,11.5,252.86
,2020,7,14,34.5,25.2,0,6,91,74,7,6.5,413.52
,2020,7,15,32.4,27.2,0,5,79,77,8,5.5,445.65
,2020,7,16,31.5,26.5,0,6,87,77,8,5.5,445.65
,2020,7,17,33.5,27.6,0,6,80,77,6.3,7.2,391.03
,2020,7,18,33.5,27.7,0,4,83,74,1,12.5,220.73
,2020,7,19,32.4,24.6,110,2,95,91,0,13.5,188.60
,2020,7,20,26.5,24.5,85,3,96,87,0,13.5,188.60
,2020,7,21,27.5,24.3,12,4,91,80,3,10.5,284.99
,2020,7,22,31.2,25.5,11,4,91,77,1,12.5,220.73
,2020,7,23,30.8,25.5,2,3,96,83,2,11.5,252.86
,2020,7,24,29.6,26.2,2,3,96,83,2.3,11.2,262.50
,2020,7,25,29.5,26.2,0,4,87,70,3,10.5,284.99
,2020,7,26,32.5,26.2,29.5,4,88,77,3,10.2,294.63
,2020,7,27,33.3,25.2,82.5,3,95,95,3.3,13.5,188.60
,2020,7,28,28.5,24.5,6,2,87,84,0,13.5,188.60
,2020,7,29,30.5,26.5,0,3,87,77,0,11.5,252.86
,2020,7,30,30.5,24.8,50.5,2,95,91,2,13.5,188.60
,2020,7,31,29.5,24.8,69.5,3,96,92,0,13.5,188.60
,2020,8,1,28.5,24.8,4.5,5,91,80,6,6.9,380.42
,2020,8,2,33.2,26.8,0,5,84,68,7,5.9,413.19
,2020,8,3,35.5,26.3,53,8,84,65,7.3,5.6,423.02
,2020,8,4,36.2,29.5,0,5,74,71,5,7.9,347.65
,2020,8,5,36.5,27.5,8.5,6,84,65,5,7.9,347.65
,2020,8,6,34.5,27.2,0,6,80,67,8.3,4.6,455.79
,2020,8,7,34.2,26.2,41.5,7,80,67,7,5.9,413.19
,2020,8,8,34.5,28.2,0,4,84,74,5.3,7.6,357.48
,2020,8,9,32.8,27.8,0,5,80,64,5,7.9,347.65
,2020,8,10,33.8,27.5,1,4,80,77,4,8.9,314.88
,2020,8,11,32.5,26.2,5.5,3,96,87,0,12.9,183.80
,2020,8,12,29.3,26.2,20.7,3,96,87,0,12.9,183.80
,2020,8,13,30.2,26.5,7,6,87,67,9.3,3.6,488.56
,2020,8,14,33.2,27.8,0,7,73,67,7.3,5.6,423.02
,2020,8,15,33.8,26.8,0,5,83,69,6,6.9,380.42
,2020,8,16,31.3,26.2,1,4,79,83,2,10.9,249.34
,2020,8,17,30.5,26.2,8.3,3,91,77,5.3,7.6,357.48
,2020,8,18,31.5,26.2,3.5,9,83,80,9,3.9,478.73
,2020,8,19,30.8,26.2,0,7,83,70,8,4.9,445.96
,2020,8,20,32.4,25.8,0,4,76,76,1,11.9,216.57
,2020,8,21,30.5,25.5,5,3,91,79,4.3,8.6,324.71
,2020,8,22,30.2,25.2,3,4,91,77,6,6.9,380.42
,2020,8,23,31.5,26.2,0,4,87,84,3,9.9,282.11
,2020,8,24,32.5,25.5,36.5,6,87,74,7.3,5.6,423.02
,2020,8,25,32.5,27.5,0,5,87,65,7,5.9,413.19
,2020,8,26,34.5,26.5,0,7,79,63,9,3.9,478.73
,2020,8,27,32.6,26.5,0,6,83,70,9.3,3.6,488.56
,2020,8,28,32.3,25.8,0,5,83,70,7,5.9,413.19
,2020,8,29,32.5,26.5,0,3,87,77,4.3,8.9,324.71
,2020,8,30,31.8,27.2,0,3,84,81,2,10.9,249.34
,2020,8,31,33.2,28.2,0,3,92,74,1.3,11.6,226.40
,2020,9,1,32.5,26.5,0,3,91,91,0,12.2,160.20
,2020,9,2,29.2,24.8,20.5,4,87,74,7,5.2,371.60
,2020,9,3,32.8,26.5,0,5,84,67,9.3,2.9,441.10
,2020,9,4,33.5,27.2,0,5,80,67,7,5.2,371.60
,2020,9,5,33.5,27.7,0,3,84,91,3,9.2,250.80
,2020,9,6,32.8,26.4,28,2,91,91,0,12.2,160.20
,2020,9,7,29.2,24.6,47,3,95,95,0,12.2,160.20
,2020,9,8,27.5,24.2,13.5,3,91,84,1.3,10.9,119.46
,2020,9,9,31.2,26.2,0,3,91,74,5,7.2,311.20
,2020,9,10,33.2,26.2,9.5,3,87,74,4,8.2,281.00
,2020,9,11,33.5,26.5,0,3,87,87,2,10.2,220.60
,2020,9,12,31.5,25.8,0,3,91,79,0,12.2,160.20
,2020,9,13,28.8,24.5,76.5,3,95,83,1.3,10.9,119.46
,2020,9,14,30.2,25.8,0,2,91,83,0,12.2,160.20
,2020,9,15,29.8,25.6,0,2,91,87,0,12.2,160.20
,2020,9,16,29.8,25.6,0,2,92,91,0,12.2,160.20
,2020,9,17,30.5,23.5,84,2,95,91,0,12.2,160.20
,2020,9,18,25.5,24.2,19.5,3,95,87,3,9.2,250.80
,2020,9,19,30.2,24.8,16.5,7,84,67,8,4.2,401.80
,2020,9,20,33.5,27.2,0,4,84,71,6,6.2,221.51
,2020,9,21,34.5,27.2,0,3,83,83,2.3,9.9,221.66
,2020,9,22,32.2,24.5,50,2,95,86,0,12.2,160.20
,2020,9,23,27.2,24.2,46,2,91,91,0,12.2,160.20
,2020,9,24,29.5,24.5,63,2,96,91,0,12.2,160.20
,2020,9,25,27.8,25.2,5.5,3,91,91,0,12.2,160.20
,2020,9,26,29.5,25.2,13.58,3,91,84,3,9.2,250.80
,2020,9,27,30.5,22.5,265,3,95,79,2,10.2,220.60
,2020,9,28,27.3,23.2,0,8,91,77,7.3,4.9,380.67
,2020,9,29,31.5,26.5,0,4,84,67,7,5.2,371.61
,2020,9,30,33.8,27.2,0,3,84,74,3,9.2,250.80
,2020,10,1,32.5,26.5,0,3,92,74,4.3,7.2,266.35
,2020,10,2,32.8,26.5,0,2,84,77,2,9.5,200.47
,2020,10,3,32.2,25.8,0,2,87,84,5,6.5,286.39
,2020,10,4,32.5,25.8,0,3,87,77,5.3,6.2,294.91
,2020,10,5,32.6,24.6,0,2,87,91,3.3,8.2,237.71
,2020,10,6,31.5,25.2,19.5,2,91,91,1,10.5,171.83
,2020,10,7,29.4,24.3,33,2,91,87,0,11.5,143.20
,2020,10,8,28.6,24.4,1.5,3,87,73,8,3.5,372.31
,2020,10,9,32.2,25.2,0,8,84,74,8,3.5,372.31
,2020,10,10,33.3,25.3,0,4,80,65,8.3,3.2,380.91
,2020,10,11,35.3,25.2,0,4,76,62,9,2.5,400.95
,2020,10,12,34.5,24.2,0,3,77,64,9,2.5,400.95
,2020,10,13,34.5,24.8,0,5,84,64,9,2.5,400.95
,2020,10,14,34.5,25.5,0,4,80,71,9,2.5,400.95
,2020,10,15,34.5,24.8,0,4,80,62,9,2.5,400.95
,2020,10,16,34.8,24.6,0,3,76,62,8.3,3.2,380.91
,2020,10,17,34.5,24.5,0,3,79,64,9,2.5,400.95
,2020,10,18,33.8,24.2,0,4,79,64,8.3,3.2,380.91
,2020,10,19,34.5,24.2,0,4,76,61,7,4.5,343.67
,2020,10,20,33.8,24.5,0,3,91,67,9,2.5,400.95
,2020,10,21,32.3,23.5,0,3,87,70,6.3,5.2,323.63
,2020,10,22,32.5,21.5,56,4,87,72,6,5.5,315.03
,2020,10,23,30.2,23.3,0,3,82,86,1,10.5,171.83
,2020,10,24,26.8,22.2,11.5,3,95,90,0,11.5,143.20
,2020,10,25,24.5,22.3,1,2,91,86,2,9.5,200.47
,2020,10,26,28.8,22.2,0,2,83,65,7,4.5,343.67
,2020,10,27,31.5,21.8,0,3,83,66,9,2.5,400.95
,2020,10,28,31.2,21.5,0,3,83,69,9,2.5,400.95
,2020,10,29,30.5,21.2,0,4,74,72,9,2.5,400.95
,2020,10,30,31.2,20.8,0,4,70,63,8.3,3.2,380.91
,2020,10,31,31.4,21.5,0,4,83,67,6.3,5.2,323.63
,2020,11,1,32.2,21.6,0,3,82,63,7.3,3.6,303.82
,2020,11,2,31.2,22.2,0,2,91,69,8,2.9,321.49
,2020,11,3,32.5,21.5,0,4,74,63,6,4.9,271.02
,2020,11,4,31.2,18.2,0,3,80,57,7,3.9,296.25
,2020,11,5,28.5,14.2,0,2,75,43,6,4.9,271.02
,2020,11,6,28.5,15.8,0,2,79,53,7,3.9,296.25
,2020,11,7,28.5,16.5,0,2,84,56,8.3,2.6,329.06
,2020,11,8,28.7,16.7,0,3,81,61,8.3,2.6,329.06
,2020,11,9,29.3,16.3,0,4,77,57,8.3,2.6,329.06
,2020,11,10,29.5,17.5,0,3,77,54,9,1.9,346.73
,2020,11,11,29.5,16.8,0,3,72,54,9,1.9,346.73
,2020,11,12,29.5,17.2,0,4,72,57,9,1.9,346.73
,2020,11,13,30.2,16.5,0,4,86,54,8.3,2.6,329.06
,2020,11,14,30.2,15.8,0,4,75,56,8.3,2.6,329.06
,2020,11,15,28.8,17.2,0,2,69,56,8.3,2.6,329.06
,2020,11,16,29.2,17.8,0,4,77,61,7.3,3.6,303.82
,2020,11,17,29.5,16.5,0,2,86,49,7.3,3.6,303.82
,2020,11,18,28.3,14.5,0,3,76,46,6.3,4.6,278.59
,2020,11,19,28.8,15.8,0,2,85,60,5.3,5.6,253.35
,2020,11,20,28.3,17.2,0,1,85,74,1,9.9,144.11
,2020,11,21,26.5,17.5,0,2,85,50,6,4.9,271.02
,2020,11,22,27.5,13.3,0,2,78,42,7,3.9,296.25
,2020,11,23,25.5,11.5,0,3,83,49,7.3,3.6,303.82
,2020,11,24,25.5,15.2,0,1,75,54,8,2.9,321.49
,2020,11,25,25.5,13.8,0,3,75,58,8,2.9,321.49
,2020,11,26,23.5,14.8,0,3,79,58,4.3,6.6,228.11
,2020,11,27,26.2,17.3,0,2,79,75,0,10.9,119.60
,2020,11,28,22.2,15.3,0,2,84,78,7.3,3.6,303.82
,2020,11,29,28.8,13.5,0,2,79,52,8,2.9,321.49
,2020,11,30,27.5,14.2,0,2,75,59,7.3,3.6,303.82
,2020,12,1,27.5,14.8,0,2,75,48,7.3,3.3,280.10
,2020,12,2,26.5,14.5,0,2,75,52,7,3.6,273.04
,2020,12,3,27.5,14.5,0,2,85,59,7,3.6,273.04
,2020,12,4,27.2,14.5,0,2,85,59,5.3,5.3,233.06
,2020,12,5,27.5,15.2,0,1,89,70,5,5.6,226.00
,2020,12,6,27.3,14.8,0,1,95,81,0,10.6,108.40
,2020,12,7,23.5,15.2,0,1,94,80,0,10.6,108.40
,2020,12,8,22.5,14.5,0,2,89,68,6,4.6,249.52
,2020,12,9,24.5,13.3,0,1,84,58,5.3,5.3,233.06
,2020,12,10,26.5,15.5,0,1,94,84,0,10.6,108.40
,2020,12,11,20.5,15.5,0,1,94,84,0,10.6,108.40
,2020,12,12,19.5,13.5,0,1,94,72,2.3,8.3,162049.00
,2020,12,13,22.3,14.7,0,1,94,68,0,10.6,108.40
,2020,12,14,23.5,14.8,0,1,89,75,1.3,9.3,138.97
,2020,12,15,21.8,13.6,0,1,94,74,0,10.6,108.40
,2020,12,16,21.8,13.2,0,1,94,67,2,8.6,155.44
,2020,12,17,23.5,11.2,0,1,94,56,5.3,5.3,233.06
,2020,12,18,23.8,10.5,0,2,77,44,5.3,5.3,233.06
,2020,12,19,22.4,7.5,0,1,81,53,4,6.6,202.48
,2020,12,20,21.5,10.2,0,2,82,58,6.3,4.3,256.58
,2020,12,21,22.6,11.5,0,2,78,52,6.3,3.6,256.58
,2020,12,22,24.2,10.5,0,2,83,56,7,4.6,273.04
,2020,12,23,25.2,10.8,0,2,83,56,6,3.3,249.52
,2020,12,24,25.8,12.8,0,2,88,49,7.3,4.6,280.10
,2020,12,25,24.5,10.8,0,2,83,53,6,6.3,249.52
,2020,12,26,25.2,10.2,0,2,83,52,4.3,5.6,209.53
,2020,12,27,24.2,10.2,0,2,82,54,5,5.6,226.00
,2020,12,28,23.5,10.8,0,1,88,57,5,5.3,226.00
,2020,12,29,25.2,10.8,0,1,88,56,5.3,3.6,233.06
,2020,12,30,24.2,11.2,0,2,83,56,3.6,3.6,273.04
,2020,12,31,24.5,10.2,0,2,88,48,3.6,3.6,273.04
